# This file uses centimeters as units for non-parametric coordinates.

mtllib FireBasin.mtl
g default
v 0.148778 0.012312 -0.048341
v 0.126558 0.012312 -0.091950
v 0.091950 0.012312 -0.126558
v 0.048341 0.012312 -0.148778
v 0.000000 0.012312 -0.156435
v -0.048341 0.012312 -0.148778
v -0.091950 0.012312 -0.126558
v -0.126558 0.012312 -0.091950
v -0.148778 0.012312 -0.048341
v -0.156435 0.012312 0.000000
v -0.148778 0.012312 0.048341
v -0.126558 0.012312 0.091950
v -0.091950 0.012312 0.126558
v -0.048341 0.012312 0.148778
v -0.000000 0.012312 0.156434
v 0.048341 0.012312 0.148778
v 0.091950 0.012312 0.126558
v 0.126558 0.012312 0.091950
v 0.148778 0.012312 0.048341
v 0.156434 0.012312 0.000000
v 0.293893 0.048943 -0.095492
v 0.250000 0.048943 -0.181636
v 0.181636 0.048943 -0.250000
v 0.095492 0.048943 -0.293893
v 0.000000 0.048943 -0.309017
v -0.095492 0.048943 -0.293893
v -0.181636 0.048943 -0.250000
v -0.250000 0.048943 -0.181636
v -0.293893 0.048943 -0.095492
v -0.309017 0.048943 0.000000
v -0.293893 0.048943 0.095492
v -0.250000 0.048943 0.181636
v -0.181636 0.048943 0.250000
v -0.095492 0.048943 0.293893
v -0.000000 0.048943 0.309017
v 0.095491 0.048943 0.293893
v 0.181636 0.048943 0.250000
v 0.250000 0.048943 0.181636
v 0.293893 0.048943 0.095492
v 0.309017 0.048943 0.000000
v 0.431771 0.108993 -0.140291
v 0.367286 0.108993 -0.266849
v 0.266849 0.108993 -0.367286
v 0.140291 0.108993 -0.431771
v 0.000000 0.108993 -0.453991
v -0.140291 0.108993 -0.431771
v -0.266849 0.108993 -0.367286
v -0.367286 0.108993 -0.266849
v -0.431771 0.108993 -0.140291
v -0.453991 0.108993 0.000000
v -0.431771 0.108993 0.140291
v -0.367286 0.108993 0.266849
v -0.266849 0.108993 0.367286
v -0.140291 0.108993 0.431771
v -0.000000 0.108993 0.453991
v 0.140291 0.108993 0.431771
v 0.266849 0.108993 0.367286
v 0.367286 0.108993 0.266849
v 0.431771 0.108993 0.140291
v 0.453991 0.108993 0.000000
v 0.559017 0.190983 -0.181636
v 0.475529 0.190983 -0.345492
v 0.345492 0.190983 -0.475529
v 0.181636 0.190983 -0.559017
v 0.000000 0.190983 -0.587786
v -0.181636 0.190983 -0.559017
v -0.345492 0.190983 -0.475528
v -0.475528 0.190983 -0.345492
v -0.559017 0.190983 -0.181636
v -0.587785 0.190983 0.000000
v -0.559017 0.190983 0.181636
v -0.475528 0.190983 0.345492
v -0.345492 0.190983 0.475528
v -0.181636 0.190983 0.559017
v -0.000000 0.190983 0.587785
v 0.181636 0.190983 0.559017
v 0.345491 0.190983 0.475528
v 0.475528 0.190983 0.345492
v 0.559017 0.190983 0.181636
v 0.587785 0.190983 0.000000
v 0.672499 0.292893 -0.218508
v 0.572062 0.292893 -0.415627
v 0.415627 0.292893 -0.572062
v 0.218508 0.292893 -0.672499
v 0.000000 0.292893 -0.707107
v -0.218508 0.292893 -0.672499
v -0.415627 0.292893 -0.572062
v -0.572062 0.292893 -0.415627
v -0.672499 0.292893 -0.218508
v -0.707107 0.292893 0.000000
v -0.672499 0.292893 0.218508
v -0.572062 0.292893 0.415627
v -0.415627 0.292893 0.572061
v -0.218508 0.292893 0.672499
v -0.000000 0.292893 0.707107
v 0.218508 0.292893 0.672499
v 0.415627 0.292893 0.572061
v 0.572061 0.292893 0.415627
v 0.672499 0.292893 0.218508
v 0.707107 0.292893 0.000000
v 0.769421 0.412215 -0.250000
v 0.654509 0.412215 -0.475529
v 0.475529 0.412215 -0.654509
v 0.250000 0.412215 -0.769421
v 0.000000 0.412215 -0.809017
v -0.250000 0.412215 -0.769421
v -0.475528 0.412215 -0.654509
v -0.654509 0.412215 -0.475528
v -0.769421 0.412215 -0.250000
v -0.809017 0.412215 0.000000
v -0.769421 0.412215 0.250000
v -0.654509 0.412215 0.475528
v -0.475528 0.412215 0.654509
v -0.250000 0.412215 0.769421
v -0.000000 0.412215 0.809017
v 0.250000 0.412215 0.769421
v 0.475528 0.412215 0.654509
v 0.654509 0.412215 0.475528
v 0.769421 0.412215 0.250000
v 0.809017 0.412215 0.000000
v 0.847398 0.546010 -0.275336
v 0.720840 0.546010 -0.523721
v 0.523721 0.546010 -0.720840
v 0.275336 0.546010 -0.847398
v 0.000000 0.546010 -0.891007
v -0.275336 0.546010 -0.847398
v -0.523721 0.546010 -0.720840
v -0.720840 0.546010 -0.523721
v -0.847398 0.546010 -0.275336
v -0.891007 0.546010 0.000000
v -0.847398 0.546010 0.275336
v -0.720840 0.546010 0.523721
v -0.523721 0.546010 0.720840
v -0.275336 0.546010 0.847398
v -0.000000 0.546010 0.891007
v 0.275336 0.546010 0.847398
v 0.523721 0.546010 0.720840
v 0.720839 0.546010 0.523721
v 0.847398 0.546010 0.275336
v 0.891007 0.546010 0.000000
v 0.904509 0.690983 -0.293893
v 0.769421 0.690983 -0.559017
v 0.559017 0.690983 -0.769421
v 0.293893 0.690983 -0.904509
v 0.000000 0.690983 -0.951057
v -0.293893 0.690983 -0.904509
v -0.559017 0.690983 -0.769421
v -0.769421 0.690983 -0.559017
v -0.904509 0.690983 -0.293893
v -0.951057 0.690983 0.000000
v -0.904509 0.690983 0.293893
v -0.769421 0.690983 0.559017
v -0.559017 0.690983 0.769421
v -0.293893 0.690983 0.904509
v -0.000000 0.690983 0.951057
v 0.293893 0.690983 0.904509
v 0.559017 0.690983 0.769421
v 0.769421 0.690983 0.559017
v 0.904509 0.690983 0.293893
v 0.951057 0.690983 0.000000
v 0.939348 0.843566 -0.305213
v 0.799057 0.843566 -0.580549
v 0.580549 0.843566 -0.799057
v 0.305213 0.843566 -0.939348
v 0.000000 0.843566 -0.987689
v -0.305213 0.843566 -0.939348
v -0.580549 0.843566 -0.799057
v -0.799057 0.843566 -0.580549
v -0.939348 0.843566 -0.305213
v -0.987689 0.843566 0.000000
v -0.939348 0.843566 0.305213
v -0.799057 0.843566 0.580549
v -0.580549 0.843566 0.799057
v -0.305213 0.843566 0.939348
v -0.000000 0.843566 0.987688
v 0.305212 0.843566 0.939348
v 0.580549 0.843566 0.799057
v 0.799057 0.843566 0.580549
v 0.939348 0.843566 0.305212
v 0.987688 0.843566 0.000000
v 0.000000 0.000000 0.000000
v 0.835206 0.978248 -0.271375
v 0.710469 0.978248 -0.516186
v 0.516186 0.978248 -0.710469
v 0.271375 0.978248 -0.835206
v 0.000000 0.978248 -0.878188
v -0.271375 0.978248 -0.835206
v -0.516186 0.978248 -0.710469
v -0.710469 0.978248 -0.516186
v -0.835206 0.978248 -0.271375
v -0.878188 0.978248 -0.000000
v -0.835206 0.978248 0.271375
v -0.710469 0.978248 0.516186
v -0.516186 0.978248 0.710469
v -0.271375 0.978248 0.835206
v -0.000000 0.978248 0.878188
v 0.271375 0.978248 0.835206
v 0.516186 0.978248 0.710469
v 0.710468 0.978248 0.516186
v 0.835206 0.978248 0.271375
v 0.878187 0.978248 -0.000000
v 0.583746 0.436581 -0.189671
v 0.496564 0.436581 -0.360775
v 0.360775 0.436581 -0.496564
v 0.189671 0.436581 -0.583746
v -0.000000 0.436581 -0.613787
v -0.189671 0.436581 -0.583746
v -0.360775 0.436581 -0.496564
v -0.496564 0.436581 -0.360775
v -0.583746 0.436581 -0.189671
v -0.613787 0.436581 -0.000000
v -0.583746 0.436581 0.189670
v -0.496564 0.436581 0.360775
v -0.360775 0.436581 0.496564
v -0.189671 0.436581 0.583746
v -0.000000 0.436581 0.613787
v 0.189670 0.436581 0.583746
v 0.360775 0.436581 0.496564
v 0.496564 0.436581 0.360775
v 0.583746 0.436581 0.189670
v 0.613787 0.436581 -0.000000
v 0.404830 0.203581 -0.131537
v 0.344369 0.203581 -0.250199
v 0.250198 0.203581 -0.344369
v 0.131537 0.203581 -0.404830
v -0.000000 0.203581 -0.425663
v -0.131537 0.203581 -0.404830
v -0.250198 0.203581 -0.344369
v -0.344369 0.203581 -0.250198
v -0.404830 0.203581 -0.131537
v -0.425663 0.203581 -0.000000
v -0.404830 0.203581 0.131537
v -0.344369 0.203581 0.250198
v -0.250198 0.203581 0.344368
v -0.131537 0.203581 0.404829
v -0.000000 0.203581 0.425663
v 0.131537 0.203581 0.404829
v 0.250198 0.203581 0.344368
v 0.344368 0.203581 0.250198
v 0.404829 0.203581 0.131537
v 0.425663 0.203581 -0.000000
v 0.684098 0.566648 -0.222277
v 0.728467 0.643500 -0.236693
v 0.581929 0.566648 -0.422796
v 0.619671 0.643500 -0.450217
v 0.422796 0.566648 -0.581929
v 0.450217 0.643500 -0.619671
v 0.222277 0.566648 -0.684098
v 0.236693 0.643500 -0.728467
v -0.000000 0.566648 -0.719303
v -0.000000 0.643500 -0.765955
v -0.222277 0.566648 -0.684098
v -0.236693 0.643500 -0.728467
v -0.422796 0.566648 -0.581928
v -0.450217 0.643500 -0.619671
v -0.581928 0.566648 -0.422796
v -0.619671 0.643500 -0.450217
v -0.684098 0.566648 -0.222277
v -0.728467 0.643500 -0.236693
v -0.719303 0.566648 -0.000000
v -0.765955 0.643500 -0.000000
v -0.684098 0.566648 0.222277
v -0.728467 0.643500 0.236693
v -0.581928 0.566648 0.422796
v -0.619671 0.643500 0.450217
v -0.422796 0.566648 0.581928
v -0.450217 0.643500 0.619671
v -0.222277 0.566648 0.684098
v -0.236693 0.643500 0.728467
v -0.000000 0.566648 0.719303
v -0.000000 0.643500 0.765955
v 0.222277 0.566648 0.684098
v 0.236693 0.643500 0.728467
v 0.422796 0.566648 0.581928
v 0.450217 0.643500 0.619671
v 0.581928 0.566648 0.422796
v 0.619671 0.643500 0.450217
v 0.684098 0.566648 0.222277
v 0.728466 0.643500 0.236693
v 0.719303 0.566648 -0.000000
v 0.765955 0.643500 -0.000000
v 0.949685 0.981662 -0.308571
v 0.948005 0.991027 -0.308026
v 0.942045 0.998274 -0.306089
v 0.933401 1.001461 -0.303281
v 0.807850 0.981662 -0.586937
v 0.806422 0.991027 -0.585900
v 0.801352 0.998274 -0.582216
v 0.793999 1.001461 -0.576874
v 0.586937 0.981662 -0.807850
v 0.585900 0.991027 -0.806422
v 0.582216 0.998274 -0.801352
v 0.576874 1.001461 -0.793999
v 0.308571 0.981662 -0.949684
v 0.308026 0.991027 -0.948005
v 0.306089 0.998274 -0.942045
v 0.303280 1.001461 -0.933401
v 0.000000 0.981662 -0.998557
v 0.000000 0.991027 -0.996792
v 0.000000 0.998274 -0.990525
v 0.000000 1.001461 -0.981436
v -0.308571 0.981662 -0.949684
v -0.308026 0.991027 -0.948005
v -0.306089 0.998274 -0.942045
v -0.303280 1.001461 -0.933401
v -0.586937 0.981662 -0.807850
v -0.585899 0.991027 -0.806421
v -0.582216 0.998274 -0.801351
v -0.576874 1.001461 -0.793998
v -0.807850 0.981662 -0.586937
v -0.806421 0.991027 -0.585899
v -0.801351 0.998274 -0.582216
v -0.793998 1.001461 -0.576874
v -0.949684 0.981661 -0.308571
v -0.948005 0.991027 -0.308026
v -0.942045 0.998274 -0.306089
v -0.933401 1.001461 -0.303280
v -0.998557 0.981661 0.000000
v -0.996791 0.991026 -0.000000
v -0.990525 0.998274 -0.000000
v -0.981436 1.001461 -0.000000
v -0.949684 0.981661 0.308571
v -0.948005 0.991026 0.308026
v -0.942045 0.998274 0.306089
v -0.933401 1.001461 0.303280
v -0.807850 0.981662 0.586937
v -0.806421 0.991027 0.585899
v -0.801351 0.998274 0.582216
v -0.793998 1.001461 0.576874
v -0.586937 0.981662 0.807849
v -0.585899 0.991027 0.806421
v -0.582216 0.998274 0.801351
v -0.576874 1.001461 0.793998
v -0.308571 0.981662 0.949684
v -0.308026 0.991027 0.948005
v -0.306089 0.998274 0.942045
v -0.303280 1.001461 0.933401
v -0.000000 0.981662 0.998557
v -0.000000 0.991027 0.996791
v -0.000000 0.998274 0.990525
v -0.000000 1.001461 0.981436
v 0.308571 0.981662 0.949684
v 0.308025 0.991027 0.948005
v 0.306089 0.998274 0.942045
v 0.303280 1.001461 0.933401
v 0.586937 0.981661 0.807849
v 0.585899 0.991027 0.806421
v 0.582216 0.998274 0.801351
v 0.576873 1.001461 0.793998
v 0.807849 0.981661 0.586937
v 0.806421 0.991027 0.585899
v 0.801351 0.998274 0.582216
v 0.793998 1.001461 0.576873
v 0.949684 0.981662 0.308571
v 0.948005 0.991027 0.308025
v 0.942045 0.998274 0.306089
v 0.933401 1.001461 0.303280
v 0.998557 0.981662 0.000000
v 0.996791 0.991027 -0.000000
v 0.990524 0.998274 -0.000000
v 0.981436 1.001461 -0.000000
v 0.855228 1.007930 -0.277880
v 0.846198 1.006200 -0.274947
v 0.839220 1.000011 -0.272679
v 0.836162 0.991020 -0.271686
v 0.727500 1.007930 -0.528560
v 0.719819 1.006200 -0.522979
v 0.713883 1.000011 -0.518667
v 0.711282 0.991020 -0.516777
v 0.528560 1.007930 -0.727500
v 0.522979 1.006200 -0.719819
v 0.518667 1.000011 -0.713883
v 0.516777 0.991020 -0.711282
v 0.277880 1.007930 -0.855228
v 0.274946 1.006200 -0.846198
v 0.272679 1.000011 -0.839220
v 0.271686 0.991020 -0.836162
v 0.000000 1.007930 -0.899239
v 0.000000 1.006200 -0.889745
v 0.000000 1.000011 -0.882408
v 0.000000 0.991020 -0.879193
v -0.277880 1.007930 -0.855227
v -0.274946 1.006200 -0.846198
v -0.272679 1.000011 -0.839220
v -0.271686 0.991020 -0.836162
v -0.528560 1.007930 -0.727500
v -0.522979 1.006200 -0.719819
v -0.518666 1.000011 -0.713883
v -0.516777 0.991020 -0.711282
v -0.727500 1.007930 -0.528560
v -0.719819 1.006200 -0.522979
v -0.713883 1.000011 -0.518666
v -0.711282 0.991020 -0.516777
v -0.855227 1.007930 -0.277880
v -0.846198 1.006200 -0.274946
v -0.839220 1.000011 -0.272679
v -0.836162 0.991020 -0.271686
v -0.899239 1.007930 -0.000000
v -0.889745 1.006200 -0.000000
v -0.882408 1.000011 -0.000000
v -0.879193 0.991020 -0.000000
v -0.855227 1.007930 0.277880
v -0.846198 1.006200 0.274946
v -0.839220 1.000011 0.272679
v -0.836162 0.991020 0.271686
v -0.727500 1.007930 0.528560
v -0.719819 1.006200 0.522979
v -0.713883 1.000011 0.518666
v -0.711282 0.991020 0.516777
v -0.528560 1.007930 0.727500
v -0.522979 1.006200 0.719819
v -0.518666 1.000011 0.713883
v -0.516777 0.991020 0.711282
v -0.277880 1.007930 0.855227
v -0.274946 1.006200 0.846198
v -0.272679 1.000011 0.839220
v -0.271686 0.991020 0.836162
v -0.000000 1.007930 0.899239
v -0.000000 1.006200 0.889745
v -0.000000 1.000011 0.882408
v -0.000000 0.991020 0.879193
v 0.277880 1.007930 0.855227
v 0.274946 1.006200 0.846198
v 0.272679 1.000011 0.839220
v 0.271685 0.991020 0.836162
v 0.528559 1.007930 0.727500
v 0.522979 1.006200 0.719819
v 0.518666 1.000011 0.713883
v 0.516776 0.991020 0.711282
v 0.727500 1.007930 0.528559
v 0.719819 1.006200 0.522979
v 0.713883 1.000011 0.518666
v 0.711282 0.991020 0.516776
v 0.855227 1.007930 0.277880
v 0.846198 1.006200 0.274946
v 0.839219 1.000011 0.272679
v 0.836162 0.991020 0.271685
v 0.899239 1.007930 -0.000000
v 0.889745 1.006200 -0.000000
v 0.882408 1.000011 -0.000000
v 0.879193 0.991020 -0.000000
v 0.804478 0.879740 -0.261391
v 0.747787 0.702463 -0.242971
v 0.684330 0.879740 -0.497195
v 0.636106 0.702463 -0.462158
v 0.497195 0.879740 -0.684330
v 0.462158 0.702463 -0.636106
v 0.261391 0.879740 -0.804478
v 0.242971 0.702463 -0.747787
v 0.000000 0.879740 -0.845878
v -0.000000 0.702463 -0.786270
v -0.261391 0.879740 -0.804478
v -0.242971 0.702463 -0.747787
v -0.497195 0.879740 -0.684330
v -0.462158 0.702463 -0.636106
v -0.684330 0.879740 -0.497195
v -0.636106 0.702463 -0.462158
v -0.804478 0.879740 -0.261391
v -0.747787 0.702462 -0.242971
v -0.845878 0.879740 -0.000000
v -0.786270 0.702462 -0.000000
v -0.804478 0.879740 0.261391
v -0.747787 0.702462 0.242971
v -0.684330 0.879740 0.497194
v -0.636106 0.702462 0.462158
v -0.497194 0.879740 0.684329
v -0.462158 0.702463 0.636105
v -0.261391 0.879740 0.804477
v -0.242971 0.702463 0.747787
v -0.000000 0.879740 0.845878
v -0.000000 0.702462 0.786270
v 0.261391 0.879740 0.804477
v 0.242971 0.702462 0.747787
v 0.497194 0.879740 0.684329
v 0.462158 0.702462 0.636106
v 0.684329 0.879740 0.497194
v 0.636105 0.702462 0.462158
v 0.804477 0.879740 0.261391
v 0.747787 0.702463 0.242971
v 0.845878 0.879740 -0.000000
v 0.786270 0.702463 -0.000000
vt 0.000000 0.100000
vt 0.000000 0.050000
vt 0.050000 0.050000
vt 0.050000 0.100000
vt 0.100000 0.050000
vt 0.100000 0.100000
vt 0.150000 0.050000
vt 0.150000 0.100000
vt 0.200000 0.050000
vt 0.200000 0.100000
vt 0.250000 0.050000
vt 0.250000 0.100000
vt 0.300000 0.050000
vt 0.300000 0.100000
vt 0.350000 0.050000
vt 0.350000 0.100000
vt 0.400000 0.050000
vt 0.400000 0.100000
vt 0.450000 0.050000
vt 0.450000 0.100000
vt 0.500000 0.050000
vt 0.500000 0.100000
vt 0.550000 0.050000
vt 0.550000 0.100000
vt 0.600000 0.050000
vt 0.600000 0.100000
vt 0.650000 0.050000
vt 0.650000 0.100000
vt 0.700000 0.050000
vt 0.700000 0.100000
vt 0.750000 0.050000
vt 0.750000 0.100000
vt 0.800000 0.050000
vt 0.800000 0.100000
vt 0.850000 0.050000
vt 0.850000 0.100000
vt 0.900000 0.050000
vt 0.900000 0.100000
vt 0.950000 0.050000
vt 0.950000 0.100000
vt 1.000000 0.050000
vt 1.000000 0.100000
vt 0.000000 0.150000
vt 0.050000 0.150000
vt 0.100000 0.150000
vt 0.150000 0.150000
vt 0.200000 0.150000
vt 0.250000 0.150000
vt 0.300000 0.150000
vt 0.350000 0.150000
vt 0.400000 0.150000
vt 0.450000 0.150000
vt 0.500000 0.150000
vt 0.550000 0.150000
vt 0.600000 0.150000
vt 0.650000 0.150000
vt 0.700000 0.150000
vt 0.750000 0.150000
vt 0.800000 0.150000
vt 0.850000 0.150000
vt 0.900000 0.150000
vt 0.950000 0.150000
vt 1.000000 0.150000
vt 0.000000 0.200000
vt 0.050000 0.200000
vt 0.100000 0.200000
vt 0.150000 0.200000
vt 0.200000 0.200000
vt 0.250000 0.200000
vt 0.300000 0.200000
vt 0.350000 0.200000
vt 0.400000 0.200000
vt 0.450000 0.200000
vt 0.500000 0.200000
vt 0.550000 0.200000
vt 0.600000 0.200000
vt 0.650000 0.200000
vt 0.700000 0.200000
vt 0.750000 0.200000
vt 0.800000 0.200000
vt 0.850000 0.200000
vt 0.900000 0.200000
vt 0.950000 0.200000
vt 1.000000 0.200000
vt 0.000000 0.250000
vt 0.050000 0.250000
vt 0.100000 0.250000
vt 0.150000 0.250000
vt 0.200000 0.250000
vt 0.250000 0.250000
vt 0.300000 0.250000
vt 0.350000 0.250000
vt 0.400000 0.250000
vt 0.450000 0.250000
vt 0.500000 0.250000
vt 0.550000 0.250000
vt 0.600000 0.250000
vt 0.650000 0.250000
vt 0.700000 0.250000
vt 0.750000 0.250000
vt 0.800000 0.250000
vt 0.850000 0.250000
vt 0.900000 0.250000
vt 0.950000 0.250000
vt 1.000000 0.250000
vt 0.000000 0.300000
vt 0.050000 0.300000
vt 0.100000 0.300000
vt 0.150000 0.300000
vt 0.200000 0.300000
vt 0.250000 0.300000
vt 0.300000 0.300000
vt 0.350000 0.300000
vt 0.400000 0.300000
vt 0.450000 0.300000
vt 0.500000 0.300000
vt 0.550000 0.300000
vt 0.600000 0.300000
vt 0.650000 0.300000
vt 0.700000 0.300000
vt 0.750000 0.300000
vt 0.800000 0.300000
vt 0.850000 0.300000
vt 0.900000 0.300000
vt 0.950000 0.300000
vt 1.000000 0.300000
vt 0.000000 0.350000
vt 0.050000 0.350000
vt 0.100000 0.350000
vt 0.150000 0.350000
vt 0.200000 0.350000
vt 0.250000 0.350000
vt 0.300000 0.350000
vt 0.350000 0.350000
vt 0.400000 0.350000
vt 0.450000 0.350000
vt 0.500000 0.350000
vt 0.550000 0.350000
vt 0.600000 0.350000
vt 0.650000 0.350000
vt 0.700000 0.350000
vt 0.750000 0.350000
vt 0.800000 0.350000
vt 0.850000 0.350000
vt 0.900000 0.350000
vt 0.950000 0.350000
vt 1.000000 0.350000
vt 0.000000 0.400000
vt 0.050000 0.400000
vt 0.100000 0.400000
vt 0.150000 0.400000
vt 0.200000 0.400000
vt 0.250000 0.400000
vt 0.300000 0.400000
vt 0.350000 0.400000
vt 0.400000 0.400000
vt 0.450000 0.400000
vt 0.500000 0.400000
vt 0.550000 0.400000
vt 0.600000 0.400000
vt 0.650000 0.400000
vt 0.700000 0.400000
vt 0.750000 0.400000
vt 0.800000 0.400000
vt 0.850000 0.400000
vt 0.900000 0.400000
vt 0.950000 0.400000
vt 1.000000 0.400000
vt 0.000000 0.450000
vt 0.050000 0.450000
vt 0.100000 0.450000
vt 0.150000 0.450000
vt 0.200000 0.450000
vt 0.250000 0.450000
vt 0.300000 0.450000
vt 0.350000 0.450000
vt 0.400000 0.450000
vt 0.450000 0.450000
vt 0.500000 0.450000
vt 0.550000 0.450000
vt 0.600000 0.450000
vt 0.650000 0.450000
vt 0.700000 0.450000
vt 0.750000 0.450000
vt 0.800000 0.450000
vt 0.850000 0.450000
vt 0.900000 0.450000
vt 0.950000 0.450000
vt 1.000000 0.450000
vt 0.025000 0.000000
vt 0.075000 0.000000
vt 0.125000 0.000000
vt 0.175000 0.000000
vt 0.225000 0.000000
vt 0.275000 0.000000
vt 0.325000 0.000000
vt 0.375000 0.000000
vt 0.425000 0.000000
vt 0.475000 0.000000
vt 0.525000 0.000000
vt 0.575000 0.000000
vt 0.625000 0.000000
vt 0.675000 0.000000
vt 0.725000 0.000000
vt 0.775000 0.000000
vt 0.825000 0.000000
vt 0.875000 0.000000
vt 0.925000 0.000000
vt 0.975000 0.000000
vt -0.000549 0.490314
vt -0.000549 0.490314
vt -0.000549 0.490314
vt -0.000549 0.490314
vt 0.047830 0.480866
vt 0.047830 0.480866
vt 0.047830 0.480866
vt 0.047830 0.480866
vt 0.097830 0.480866
vt 0.097830 0.480866
vt 0.097830 0.480866
vt 0.097830 0.480866
vt 0.147830 0.480866
vt 0.147830 0.480866
vt 0.147830 0.480866
vt 0.147830 0.480866
vt 0.197830 0.480866
vt 0.197830 0.480866
vt 0.197830 0.480866
vt 0.197830 0.480866
vt 0.247830 0.480866
vt 0.247830 0.480866
vt 0.247830 0.480866
vt 0.247830 0.480866
vt 0.297830 0.480866
vt 0.297830 0.480866
vt 0.297830 0.480866
vt 0.297830 0.480866
vt 0.347830 0.480866
vt 0.347830 0.480866
vt 0.347830 0.480866
vt 0.347830 0.480866
vt 0.397830 0.480866
vt 0.397830 0.480866
vt 0.397830 0.480866
vt 0.397830 0.480866
vt 0.447830 0.480866
vt 0.447830 0.480866
vt 0.447830 0.480866
vt 0.447830 0.480866
vt 0.497830 0.480866
vt 0.497830 0.480866
vt 0.497830 0.480866
vt 0.497830 0.480866
vt 0.547830 0.480866
vt 0.547830 0.480866
vt 0.547830 0.480866
vt 0.547830 0.480866
vt 0.597830 0.480866
vt 0.597830 0.480866
vt 0.597830 0.480866
vt 0.597830 0.480866
vt 0.647830 0.480866
vt 0.647830 0.480866
vt 0.647830 0.480866
vt 0.647830 0.480866
vt 0.697830 0.480866
vt 0.697830 0.480866
vt 0.697830 0.480866
vt 0.697830 0.480866
vt 0.747830 0.480866
vt 0.747830 0.480866
vt 0.747830 0.480866
vt 0.747830 0.480866
vt 0.797830 0.480866
vt 0.797830 0.480866
vt 0.797830 0.480866
vt 0.797830 0.480866
vt 0.847830 0.480866
vt 0.847830 0.480866
vt 0.847830 0.480866
vt 0.847830 0.480866
vt 0.897830 0.480866
vt 0.897830 0.480866
vt 0.897830 0.480866
vt 0.897830 0.480866
vt 0.947830 0.480866
vt 0.947830 0.480866
vt 0.947830 0.480866
vt 0.947830 0.480866
vt -0.000549 0.490314
vt -0.000549 0.490314
vt -0.000549 0.490314
vt -0.000549 0.490314
vt 0.947830 0.480866
vt 0.947830 0.480866
vt 0.947830 0.480866
vt 0.947830 0.480866
vt 0.047830 0.480866
vt 0.047830 0.480866
vt 0.047830 0.480866
vt 0.047830 0.480866
vt 0.097830 0.480866
vt 0.097830 0.480866
vt 0.097830 0.480866
vt 0.097830 0.480866
vt 0.147830 0.480866
vt 0.147830 0.480866
vt 0.147830 0.480866
vt 0.147830 0.480866
vt 0.197830 0.480866
vt 0.197830 0.480866
vt 0.197830 0.480866
vt 0.197830 0.480866
vt 0.247830 0.480866
vt 0.247830 0.480866
vt 0.247830 0.480866
vt 0.247830 0.480866
vt 0.297830 0.480866
vt 0.297830 0.480866
vt 0.297830 0.480866
vt 0.297830 0.480866
vt 0.347830 0.480866
vt 0.347830 0.480866
vt 0.347830 0.480866
vt 0.347830 0.480866
vt 0.397830 0.480866
vt 0.397830 0.480866
vt 0.397830 0.480866
vt 0.397830 0.480866
vt 0.447830 0.480866
vt 0.447830 0.480866
vt 0.447830 0.480866
vt 0.447830 0.480866
vt 0.497830 0.480866
vt 0.497830 0.480866
vt 0.497830 0.480866
vt 0.497830 0.480866
vt 0.547830 0.480866
vt 0.547830 0.480866
vt 0.547830 0.480866
vt 0.547830 0.480866
vt 0.597830 0.480866
vt 0.597830 0.480866
vt 0.597830 0.480866
vt 0.597830 0.480866
vt 0.647830 0.480866
vt 0.647830 0.480866
vt 0.647830 0.480866
vt 0.647830 0.480866
vt 0.697830 0.480866
vt 0.697830 0.480866
vt 0.697830 0.480866
vt 0.697830 0.480866
vt 0.747830 0.480866
vt 0.747830 0.480866
vt 0.747830 0.480866
vt 0.747830 0.480866
vt 0.797830 0.480866
vt 0.797830 0.480866
vt 0.797830 0.480866
vt 0.797830 0.480866
vt 0.847830 0.480866
vt 0.847830 0.480866
vt 0.847830 0.480866
vt 0.847830 0.480866
vt 0.897830 0.480866
vt 0.897830 0.480866
vt 0.897830 0.480866
vt 0.897830 0.480866
vt 0.000000 0.494139
vt 0.050000 0.494139
vt 0.100000 0.494139
vt 0.150000 0.494139
vt 0.200000 0.494139
vt 0.250000 0.494139
vt 0.300000 0.494139
vt 0.350000 0.494139
vt 0.400000 0.494139
vt 0.450000 0.494139
vt 0.500000 0.494139
vt 0.550000 0.494139
vt 0.600000 0.494139
vt 0.650000 0.494139
vt 0.700000 0.494139
vt 0.750000 0.494139
vt 0.800000 0.494139
vt 0.850000 0.494139
vt 0.900000 0.494139
vt 0.950000 0.494139
vt 1.000000 0.494139
vt 0.007792 0.500000
vt 0.042223 0.500000
vt 0.042223 0.490314
vt 0.007792 0.490314
vt 0.057792 0.500000
vt 0.092223 0.500000
vt 0.092224 0.480866
vt 0.057792 0.480866
vt 0.107792 0.500000
vt 0.142224 0.500000
vt 0.142224 0.480866
vt 0.107792 0.480866
vt 0.157792 0.500000
vt 0.192224 0.500000
vt 0.192224 0.480866
vt 0.157792 0.480866
vt 0.207792 0.500000
vt 0.242224 0.500000
vt 0.242224 0.480866
vt 0.207792 0.480866
vt 0.257792 0.500000
vt 0.292224 0.500000
vt 0.292224 0.480866
vt 0.257792 0.480866
vt 0.307792 0.500000
vt 0.342223 0.500000
vt 0.342223 0.480866
vt 0.307792 0.480866
vt 0.357792 0.500000
vt 0.392224 0.500000
vt 0.392224 0.480866
vt 0.357792 0.480866
vt 0.407792 0.500000
vt 0.442224 0.500000
vt 0.442224 0.480866
vt 0.407792 0.480866
vt 0.457792 0.500000
vt 0.492224 0.500000
vt 0.492224 0.480866
vt 0.457792 0.480866
vt 0.507792 0.500000
vt 0.542224 0.500000
vt 0.542224 0.480866
vt 0.507792 0.480866
vt 0.557792 0.500000
vt 0.592224 0.500000
vt 0.592224 0.480866
vt 0.557792 0.480866
vt 0.607792 0.500000
vt 0.642224 0.500000
vt 0.642224 0.480866
vt 0.607792 0.480866
vt 0.657792 0.500000
vt 0.692224 0.500000
vt 0.692224 0.480866
vt 0.657792 0.480866
vt 0.707792 0.500000
vt 0.742224 0.500000
vt 0.742224 0.480866
vt 0.707792 0.480866
vt 0.757792 0.500000
vt 0.792224 0.500000
vt 0.792224 0.480866
vt 0.757792 0.480866
vt 0.807792 0.500000
vt 0.842224 0.500000
vt 0.842224 0.480866
vt 0.807792 0.480866
vt 0.857792 0.500000
vt 0.892224 0.500000
vt 0.892224 0.480866
vt 0.857792 0.480866
vt 0.907792 0.500000
vt 0.942224 0.500000
vt 0.942224 0.480866
vt 0.907792 0.480866
vt 0.957792 0.500000
vt 0.992224 0.500000
vt 0.992224 0.480866
vt 0.957792 0.480866
vt -0.000549 0.500000
vt -0.000324 0.500000
vt -0.000324 0.490314
vt -0.000549 0.490314
vt 0.047830 0.500000
vt 0.048720 0.500000
vt 0.048720 0.480866
vt 0.047830 0.480866
vt 0.097830 0.500000
vt 0.098720 0.500000
vt 0.098720 0.480866
vt 0.097830 0.480866
vt 0.147830 0.500000
vt 0.148720 0.500000
vt 0.148720 0.480866
vt 0.147830 0.480866
vt 0.197830 0.500000
vt 0.198720 0.500000
vt 0.198720 0.480866
vt 0.197830 0.480866
vt 0.247830 0.500000
vt 0.248720 0.500000
vt 0.248720 0.480866
vt 0.247830 0.480866
vt 0.297830 0.500000
vt 0.298720 0.500000
vt 0.298720 0.480866
vt 0.297830 0.480866
vt 0.347830 0.500000
vt 0.348720 0.500000
vt 0.348720 0.480866
vt 0.347830 0.480866
vt 0.397830 0.500000
vt 0.398720 0.500000
vt 0.398720 0.480866
vt 0.397830 0.480866
vt 0.447830 0.500000
vt 0.448720 0.500000
vt 0.448720 0.480866
vt 0.447830 0.480866
vt 0.497830 0.500000
vt 0.498720 0.500000
vt 0.498720 0.480866
vt 0.497830 0.480866
vt 0.547830 0.500000
vt 0.548720 0.500000
vt 0.548720 0.480866
vt 0.547830 0.480866
vt 0.597830 0.500000
vt 0.598720 0.500000
vt 0.598720 0.480866
vt 0.597830 0.480866
vt 0.647830 0.500000
vt 0.648720 0.500000
vt 0.648720 0.480866
vt 0.647830 0.480866
vt 0.697830 0.500000
vt 0.698720 0.500000
vt 0.698720 0.480866
vt 0.697830 0.480866
vt 0.747830 0.500000
vt 0.748720 0.500000
vt 0.748720 0.480866
vt 0.747830 0.480866
vt 0.797830 0.500000
vt 0.798720 0.500000
vt 0.798720 0.480866
vt 0.797830 0.480866
vt 0.847830 0.500000
vt 0.848720 0.500000
vt 0.848720 0.480866
vt 0.847830 0.480866
vt 0.897830 0.500000
vt 0.898720 0.500000
vt 0.898720 0.480866
vt 0.897830 0.480866
vt 0.947830 0.500000
vt 0.948720 0.500000
vt 0.948720 0.480866
vt 0.947830 0.480866
vt 1.000000 0.500000
vt 1.000000 0.480866
vt 1.000000 0.497062
vt 0.950000 0.497063
vt 1.000000 0.500000
vt 0.950000 0.500000
vt 0.050000 0.500000
vt 0.050000 0.490314
vt 0.050000 0.500000
vt 0.000000 0.500000
vt 0.000000 0.497062
vt 0.050000 0.497063
vt 0.100000 0.500000
vt 0.100000 0.480866
vt 0.100000 0.500000
vt 0.100000 0.497063
vt 0.150000 0.500000
vt 0.150000 0.480866
vt 0.150000 0.500000
vt 0.150000 0.497063
vt 0.200000 0.500000
vt 0.200000 0.480866
vt 0.200000 0.500000
vt 0.200000 0.497063
vt 0.250000 0.500000
vt 0.250000 0.480866
vt 0.250000 0.500000
vt 0.250000 0.497063
vt 0.300000 0.500000
vt 0.300000 0.480866
vt 0.300000 0.500000
vt 0.300000 0.497063
vt 0.350000 0.500000
vt 0.350000 0.480866
vt 0.350000 0.500000
vt 0.350000 0.497063
vt 0.400000 0.500000
vt 0.400000 0.480866
vt 0.400000 0.500000
vt 0.400000 0.497063
vt 0.450000 0.500000
vt 0.450000 0.480866
vt 0.450000 0.500000
vt 0.450000 0.497063
vt 0.500000 0.500000
vt 0.500000 0.480866
vt 0.500000 0.500000
vt 0.500000 0.497063
vt 0.550000 0.500000
vt 0.550000 0.480866
vt 0.550000 0.500000
vt 0.550000 0.497063
vt 0.600000 0.500000
vt 0.600000 0.480866
vt 0.600000 0.500000
vt 0.600000 0.497063
vt 0.650000 0.500000
vt 0.650000 0.480866
vt 0.650000 0.500000
vt 0.650000 0.497063
vt 0.700000 0.500000
vt 0.700000 0.480866
vt 0.700000 0.500000
vt 0.700000 0.497063
vt 0.750000 0.500000
vt 0.750000 0.480866
vt 0.750000 0.500000
vt 0.750000 0.497063
vt 0.800000 0.500000
vt 0.800000 0.480866
vt 0.800000 0.500000
vt 0.800000 0.497063
vt 0.850000 0.500000
vt 0.850000 0.480866
vt 0.850000 0.500000
vt 0.850000 0.497063
vt 0.900000 0.500000
vt 0.900000 0.480866
vt 0.900000 0.500000
vt 0.900000 0.497063
vt 0.950000 0.500000
vt 0.950000 0.480866
vt 0.949572 0.500000
vt 0.949572 0.480866
vt 0.953671 0.480866
vt 0.953671 0.500000
vt 0.002367 0.500000
vt -0.000108 0.490314
vt 0.005072 0.500000
vt 0.003831 0.490314
vt 0.051728 0.500000
vt 0.049572 0.480866
vt 0.054752 0.500000
vt 0.053671 0.480866
vt 0.101728 0.500000
vt 0.099572 0.480866
vt 0.104752 0.500000
vt 0.103671 0.480866
vt 0.151728 0.500000
vt 0.149572 0.480866
vt 0.154752 0.500000
vt 0.153671 0.480866
vt 0.201728 0.500000
vt 0.199572 0.480866
vt 0.204752 0.500000
vt 0.203671 0.480866
vt 0.251728 0.500000
vt 0.249572 0.480866
vt 0.254752 0.500000
vt 0.253671 0.480866
vt 0.301728 0.500000
vt 0.299572 0.480866
vt 0.304752 0.500000
vt 0.303671 0.480866
vt 0.351728 0.500000
vt 0.349572 0.480866
vt 0.354752 0.500000
vt 0.353671 0.480866
vt 0.401728 0.500000
vt 0.399572 0.480866
vt 0.404752 0.500000
vt 0.403671 0.480866
vt 0.451728 0.500000
vt 0.449572 0.480866
vt 0.454752 0.500000
vt 0.453671 0.480866
vt 0.501728 0.500000
vt 0.499572 0.480866
vt 0.504752 0.500000
vt 0.503671 0.480866
vt 0.551728 0.500000
vt 0.549572 0.480866
vt 0.554752 0.500000
vt 0.553671 0.480866
vt 0.601728 0.500000
vt 0.599572 0.480866
vt 0.604752 0.500000
vt 0.603671 0.480866
vt 0.651728 0.500000
vt 0.649572 0.480866
vt 0.654752 0.500000
vt 0.653671 0.480866
vt 0.701728 0.500000
vt 0.699572 0.480866
vt 0.704752 0.500000
vt 0.703671 0.480866
vt 0.751728 0.500000
vt 0.749572 0.480866
vt 0.754752 0.500000
vt 0.753671 0.480866
vt 0.801728 0.500000
vt 0.799572 0.480866
vt 0.804752 0.500000
vt 0.803671 0.480866
vt 0.851728 0.500000
vt 0.849572 0.480866
vt 0.854752 0.500000
vt 0.853671 0.480866
vt 0.901728 0.500000
vt 0.899572 0.480866
vt 0.904752 0.500000
vt 0.903671 0.480866
vt 0.947831 0.489940
vt 0.947831 0.489940
vt 0.947830 0.480866
vt 0.947830 0.480866
vt -0.000549 0.490314
vt -0.000549 0.490314
vt -0.000549 0.494908
vt -0.000549 0.494908
vt 0.047830 0.480866
vt 0.047830 0.480866
vt 0.047830 0.489940
vt 0.047830 0.489940
vt 0.097830 0.480866
vt 0.097830 0.480866
vt 0.097830 0.489940
vt 0.097830 0.489940
vt 0.147830 0.480866
vt 0.147830 0.480866
vt 0.147830 0.489940
vt 0.147830 0.489940
vt 0.197830 0.480866
vt 0.197830 0.480866
vt 0.197830 0.489940
vt 0.197830 0.489940
vt 0.247830 0.480866
vt 0.247830 0.480866
vt 0.247830 0.489940
vt 0.247830 0.489940
vt 0.297830 0.480866
vt 0.297830 0.480866
vt 0.297830 0.489940
vt 0.297830 0.489940
vt 0.347830 0.480866
vt 0.347830 0.480866
vt 0.347830 0.489940
vt 0.347830 0.489940
vt 0.397830 0.480866
vt 0.397830 0.480866
vt 0.397830 0.489940
vt 0.397830 0.489940
vt 0.447830 0.480866
vt 0.447830 0.480866
vt 0.447830 0.489940
vt 0.447830 0.489940
vt 0.497830 0.480866
vt 0.497830 0.480866
vt 0.497830 0.489940
vt 0.497830 0.489940
vt 0.547830 0.480866
vt 0.547830 0.480866
vt 0.547830 0.489940
vt 0.547830 0.489940
vt 0.597830 0.480866
vt 0.597830 0.480866
vt 0.597830 0.489940
vt 0.597830 0.489940
vt 0.647830 0.480866
vt 0.647830 0.480866
vt 0.647830 0.489940
vt 0.647830 0.489940
vt 0.697830 0.480866
vt 0.697830 0.480866
vt 0.697830 0.489940
vt 0.697830 0.489940
vt 0.747831 0.480866
vt 0.747830 0.480866
vt 0.747831 0.489940
vt 0.747830 0.489940
vt 0.797830 0.480866
vt 0.797830 0.480866
vt 0.797830 0.489940
vt 0.797830 0.489940
vt 0.847830 0.480866
vt 0.847830 0.480866
vt 0.847830 0.489940
vt 0.847830 0.489940
vt 0.897830 0.480866
vt 0.897830 0.480866
vt 0.897831 0.489940
vt 0.897830 0.489940
vt -0.000549 0.500000
vt 0.047830 0.500000
vt 0.097830 0.500000
vt 0.147830 0.500000
vt 0.197830 0.500000
vt 0.247830 0.500000
vt 0.297830 0.500000
vt 0.347830 0.500000
vt 0.397830 0.500000
vt 0.447830 0.500000
vt 0.497830 0.500000
vt 0.547830 0.500000
vt 0.597830 0.500000
vt 0.647830 0.500000
vt 0.697830 0.500000
vt 0.747830 0.500000
vt 0.797830 0.500000
vt 0.847830 0.500000
vt 0.897830 0.500000
vt 0.947830 0.500000
vn 0.317252 -0.942723 -0.103081
vn 0.190555 -0.979722 -0.061915
vn 0.162096 -0.979722 -0.117769
vn 0.269870 -0.942723 -0.196072
vn 0.117769 -0.979722 -0.162095
vn 0.196072 -0.942723 -0.269870
vn 0.061915 -0.979722 -0.190555
vn 0.103081 -0.942722 -0.317252
vn -0.000000 -0.979722 -0.200361
vn -0.000000 -0.942722 -0.333578
vn -0.061915 -0.979722 -0.190555
vn -0.103081 -0.942723 -0.317252
vn -0.117769 -0.979722 -0.162096
vn -0.196072 -0.942722 -0.269870
vn -0.162096 -0.979722 -0.117769
vn -0.269870 -0.942723 -0.196072
vn -0.190555 -0.979722 -0.061915
vn -0.317252 -0.942723 -0.103081
vn -0.200361 -0.979722 0.000000
vn -0.333578 -0.942723 -0.000000
vn -0.190555 -0.979722 0.061915
vn -0.317252 -0.942723 0.103081
vn -0.162096 -0.979722 0.117769
vn -0.269870 -0.942723 0.196072
vn -0.117769 -0.979722 0.162095
vn -0.196072 -0.942723 0.269870
vn -0.061915 -0.979722 0.190554
vn -0.103081 -0.942722 0.317252
vn 0.000000 -0.979722 0.200361
vn 0.000000 -0.942722 0.333578
vn 0.061915 -0.979722 0.190555
vn 0.103081 -0.942722 0.317252
vn 0.117769 -0.979722 0.162096
vn 0.196072 -0.942723 0.269870
vn 0.162096 -0.979722 0.117769
vn 0.269870 -0.942723 0.196072
vn 0.190555 -0.979722 0.061915
vn 0.317252 -0.942722 0.103081
vn 0.200361 -0.979722 0.000000
vn 0.333578 -0.942722 0.000000
vn 0.447712 -0.882266 -0.145470
vn 0.380846 -0.882266 -0.276701
vn 0.276701 -0.882266 -0.380846
vn 0.145470 -0.882266 -0.447712
vn -0.000000 -0.882266 -0.470752
vn -0.145470 -0.882266 -0.447712
vn -0.276701 -0.882266 -0.380846
vn -0.380846 -0.882266 -0.276701
vn -0.447712 -0.882266 -0.145470
vn -0.470752 -0.882266 -0.000000
vn -0.447712 -0.882266 0.145470
vn -0.380846 -0.882266 0.276701
vn -0.276701 -0.882266 0.380846
vn -0.145470 -0.882266 0.447712
vn 0.000000 -0.882266 0.470752
vn 0.145470 -0.882266 0.447712
vn 0.276701 -0.882266 0.380846
vn 0.380846 -0.882266 0.276701
vn 0.447712 -0.882266 0.145470
vn 0.470752 -0.882266 0.000000
vn 0.570314 -0.800252 -0.185306
vn 0.485138 -0.800252 -0.352474
vn 0.352474 -0.800252 -0.485138
vn 0.185306 -0.800252 -0.570314
vn -0.000000 -0.800252 -0.599664
vn -0.185307 -0.800252 -0.570314
vn -0.352474 -0.800252 -0.485138
vn -0.485138 -0.800252 -0.352474
vn -0.570314 -0.800252 -0.185306
vn -0.599664 -0.800252 -0.000000
vn -0.570314 -0.800252 0.185306
vn -0.485138 -0.800252 0.352474
vn -0.352474 -0.800252 0.485138
vn -0.185306 -0.800252 0.570314
vn 0.000000 -0.800252 0.599664
vn 0.185306 -0.800252 0.570315
vn 0.352474 -0.800252 0.485139
vn 0.485139 -0.800252 0.352474
vn 0.570314 -0.800252 0.185306
vn 0.599664 -0.800252 0.000001
vn 0.680318 -0.698789 -0.221048
vn 0.578713 -0.698789 -0.420460
vn 0.420459 -0.698789 -0.578713
vn 0.221049 -0.698789 -0.680318
vn -0.000000 -0.698788 -0.715328
vn -0.221049 -0.698789 -0.680318
vn -0.420460 -0.698789 -0.578713
vn -0.578713 -0.698789 -0.420459
vn -0.680318 -0.698789 -0.221049
vn -0.715328 -0.698789 0.000000
vn -0.680318 -0.698789 0.221049
vn -0.578713 -0.698788 0.420460
vn -0.420459 -0.698789 0.578713
vn -0.221049 -0.698788 0.680318
vn 0.000000 -0.698789 0.715328
vn 0.221049 -0.698789 0.680318
vn 0.420460 -0.698788 0.578713
vn 0.578713 -0.698788 0.420459
vn 0.680318 -0.698788 0.221049
vn 0.715328 -0.698788 0.000001
vn 0.774475 -0.580401 -0.251641
vn 0.658808 -0.580401 -0.478652
vn 0.478652 -0.580401 -0.658808
vn 0.251642 -0.580401 -0.774475
vn -0.000000 -0.580401 -0.814331
vn -0.251642 -0.580401 -0.774475
vn -0.478652 -0.580401 -0.658808
vn -0.658808 -0.580401 -0.478652
vn -0.774475 -0.580401 -0.251642
vn -0.814331 -0.580401 0.000000
vn -0.774475 -0.580401 0.251642
vn -0.658808 -0.580401 0.478652
vn -0.478652 -0.580401 0.658808
vn -0.251642 -0.580401 0.774475
vn -0.000000 -0.580401 0.814331
vn 0.251642 -0.580401 0.774475
vn 0.478652 -0.580401 0.658808
vn 0.658808 -0.580401 0.478652
vn 0.774475 -0.580401 0.251642
vn 0.814331 -0.580400 0.000001
vn 0.850280 -0.447994 -0.276272
vn 0.723291 -0.447994 -0.525502
vn 0.525501 -0.447994 -0.723291
vn 0.276272 -0.447994 -0.850279
vn -0.000000 -0.447994 -0.894037
vn -0.276273 -0.447994 -0.850279
vn -0.525502 -0.447994 -0.723291
vn -0.723291 -0.447994 -0.525501
vn -0.850280 -0.447994 -0.276272
vn -0.894037 -0.447994 0.000000
vn -0.850279 -0.447994 0.276273
vn -0.723291 -0.447994 0.525502
vn -0.525502 -0.447994 0.723291
vn -0.276273 -0.447994 0.850280
vn 0.000000 -0.447994 0.894037
vn 0.276273 -0.447994 0.850280
vn 0.525502 -0.447994 0.723291
vn 0.723291 -0.447994 0.525502
vn 0.850280 -0.447994 0.276272
vn 0.894037 -0.447994 0.000001
vn 0.905806 -0.304789 -0.294313
vn 0.770524 -0.304789 -0.559819
vn 0.559818 -0.304789 -0.770524
vn 0.294314 -0.304789 -0.905805
vn -0.000000 -0.304789 -0.952420
vn -0.294314 -0.304789 -0.905805
vn -0.559819 -0.304789 -0.770524
vn -0.770524 -0.304789 -0.559818
vn -0.905805 -0.304789 -0.294314
vn -0.952420 -0.304789 0.000000
vn -0.905805 -0.304789 0.294314
vn -0.770524 -0.304788 0.559819
vn -0.559818 -0.304788 0.770524
vn -0.294314 -0.304789 0.905805
vn 0.000000 -0.304789 0.952420
vn 0.294314 -0.304789 0.905805
vn 0.559818 -0.304789 0.770524
vn 0.770524 -0.304789 0.559818
vn 0.905805 -0.304789 0.294314
vn 0.952420 -0.304789 0.000001
vn 0.938940 -0.159121 -0.305079
vn 0.798709 -0.159121 -0.580296
vn 0.580296 -0.159121 -0.798710
vn 0.305080 -0.159121 -0.938939
vn -0.000000 -0.159121 -0.987259
vn -0.305080 -0.159121 -0.938939
vn -0.580297 -0.159121 -0.798709
vn -0.798710 -0.159121 -0.580296
vn -0.938939 -0.159121 -0.305080
vn -0.987259 -0.159121 0.000000
vn -0.938939 -0.159121 0.305080
vn -0.798709 -0.159121 0.580297
vn -0.580296 -0.159121 0.798709
vn -0.305080 -0.159121 0.938939
vn 0.000000 -0.159121 0.987259
vn 0.305080 -0.159121 0.938939
vn 0.580296 -0.159121 0.798709
vn 0.798709 -0.159121 0.580296
vn 0.938939 -0.159121 0.305080
vn 0.987259 -0.159121 0.000001
vn -0.000000 -1.000000 -0.000000
vn -0.696621 0.623483 0.354947
vn -0.739349 0.629010 0.240228
vn -0.628927 0.629010 0.456943
vn -0.696621 0.623483 0.354947
vn -0.552842 0.623483 0.552842
vn -0.456942 0.629010 0.628928
vn -0.552842 0.623483 0.552842
vn -0.354947 0.623483 0.696621
vn -0.240229 0.629010 0.739349
vn -0.354947 0.623483 0.696621
vn -0.122306 0.623483 0.772211
vn 0.000000 0.629010 0.777397
vn -0.122306 0.623483 0.772211
vn 0.122306 0.623483 0.772211
vn 0.240229 0.629010 0.739349
vn 0.122306 0.623483 0.772211
vn 0.354946 0.623483 0.696622
vn 0.456943 0.629010 0.628927
vn 0.354947 0.623483 0.696622
vn 0.552842 0.623483 0.552842
vn 0.628928 0.629010 0.456942
vn 0.552842 0.623483 0.552842
vn 0.696622 0.623483 0.354946
vn 0.739349 0.629010 0.240229
vn 0.696622 0.623483 0.354946
vn 0.772211 0.623483 0.122307
vn 0.777397 0.629010 0.000000
vn 0.772211 0.623483 0.122307
vn 0.772211 0.623483 -0.122306
vn 0.739349 0.629010 -0.240229
vn 0.772211 0.623483 -0.122306
vn 0.696621 0.623483 -0.354947
vn 0.628927 0.629010 -0.456943
vn 0.696621 0.623483 -0.354947
vn 0.552842 0.623483 -0.552842
vn 0.456942 0.629010 -0.628928
vn 0.552842 0.623483 -0.552842
vn 0.354947 0.623483 -0.696622
vn 0.240229 0.629010 -0.739349
vn 0.354947 0.623483 -0.696622
vn 0.122306 0.623483 -0.772211
vn 0.000000 0.629010 -0.777397
vn 0.122306 0.623483 -0.772211
vn -0.122306 0.623483 -0.772211
vn -0.240229 0.629010 -0.739349
vn -0.122306 0.623483 -0.772211
vn -0.354946 0.623483 -0.696622
vn -0.456943 0.629010 -0.628928
vn -0.354946 0.623483 -0.696622
vn -0.552842 0.623483 -0.552842
vn -0.628928 0.629010 -0.456942
vn -0.552842 0.623483 -0.552842
vn -0.696622 0.623483 -0.354946
vn -0.739349 0.629010 -0.240229
vn -0.696622 0.623483 -0.354946
vn -0.772211 0.623483 -0.122306
vn -0.777397 0.629010 -0.000001
vn -0.772211 0.623483 -0.122306
vn -0.772211 0.623483 0.122304
vn -0.772211 0.623483 0.122304
vn -0.000000 1.000000 0.000000
vn 0.000000 1.000000 0.000000
vn 0.000000 1.000000 0.000000
vn 0.000000 1.000000 0.000000
vn 0.000000 1.000000 0.000000
vn 0.000000 1.000000 0.000000
vn 0.000000 1.000000 0.000000
vn 0.000000 1.000000 0.000001
vn 0.000000 1.000000 0.000001
vn -0.000000 1.000000 0.000000
vn -0.000000 1.000000 0.000000
vn -0.000000 1.000000 -0.000000
vn 0.000000 1.000000 -0.000000
vn 0.000000 1.000000 -0.000000
vn 0.000000 1.000000 -0.000000
vn 0.000000 1.000000 -0.000000
vn 0.000000 1.000000 0.000000
vn 0.000000 1.000000 0.000000
vn 0.000000 1.000000 0.000000
vn 0.000000 1.000000 0.000000
vn -0.655150 0.586692 0.475995
vn -0.770175 0.586692 0.250244
vn -0.855829 0.436155 0.278075
vn -0.728011 0.436155 0.528931
vn -0.899872 0.436155 -0.000001
vn -0.809810 0.586692 -0.000001
vn -0.475994 0.586692 0.655150
vn -0.528931 0.436155 0.728012
vn -0.250245 0.586692 0.770175
vn -0.278076 0.436155 0.855829
vn 0.000000 0.586692 0.809810
vn 0.000000 0.436155 0.899872
vn 0.250245 0.586692 0.770175
vn 0.278076 0.436155 0.855829
vn 0.475995 0.586692 0.655150
vn 0.528931 0.436155 0.728011
vn 0.655150 0.586692 0.475994
vn 0.728012 0.436154 0.528931
vn 0.770175 0.586692 0.250245
vn 0.855829 0.436154 0.278076
vn 0.809810 0.586692 0.000000
vn 0.899872 0.436155 0.000000
vn 0.770175 0.586692 -0.250245
vn 0.855829 0.436155 -0.278076
vn 0.655150 0.586692 -0.475995
vn 0.728011 0.436155 -0.528931
vn 0.475994 0.586692 -0.655150
vn 0.528931 0.436155 -0.728012
vn 0.250245 0.586692 -0.770175
vn 0.278076 0.436155 -0.855829
vn 0.000000 0.586692 -0.809810
vn -0.000000 0.436155 -0.899872
vn -0.250245 0.586692 -0.770175
vn -0.278076 0.436155 -0.855829
vn -0.475995 0.586692 -0.655150
vn -0.528931 0.436155 -0.728011
vn -0.655150 0.586692 -0.475994
vn -0.728012 0.436155 -0.528931
vn -0.770175 0.586692 -0.250245
vn -0.855829 0.436154 -0.278076
vn 0.949244 -0.061712 -0.308427
vn 0.807475 -0.061711 -0.586665
vn 0.586665 -0.061711 -0.807475
vn 0.308428 -0.061711 -0.949244
vn -0.000000 -0.061711 -0.998094
vn -0.308428 -0.061711 -0.949244
vn -0.586665 -0.061711 -0.807475
vn -0.807475 -0.061711 -0.586665
vn -0.949244 -0.061712 -0.308428
vn -0.998094 -0.061712 -0.000000
vn -0.949244 -0.061712 0.308428
vn -0.807475 -0.061712 0.586665
vn -0.586665 -0.061712 0.807475
vn -0.308428 -0.061711 0.949244
vn 0.000000 -0.061711 0.998094
vn 0.308428 -0.061711 0.949244
vn 0.586665 -0.061711 0.807475
vn 0.807475 -0.061711 0.586665
vn 0.949244 -0.061712 0.308428
vn 0.998094 -0.061712 0.000001
vn 0.054257 0.998371 -0.017629
vn 0.106135 0.993754 -0.034485
vn 0.090284 0.993754 -0.065595
vn 0.046153 0.998371 -0.033532
vn 0.065595 0.993754 -0.090284
vn 0.033532 0.998371 -0.046153
vn 0.034485 0.993754 -0.106135
vn 0.017629 0.998371 -0.054257
vn -0.000000 0.993754 -0.111597
vn -0.000000 0.998371 -0.057049
vn -0.034485 0.993754 -0.106135
vn -0.017629 0.998371 -0.054257
vn -0.065595 0.993754 -0.090284
vn -0.033532 0.998371 -0.046153
vn -0.090284 0.993754 -0.065595
vn -0.046153 0.998371 -0.033532
vn -0.106135 0.993754 -0.034485
vn -0.054256 0.998371 -0.017629
vn -0.111596 0.993754 0.000000
vn -0.057048 0.998372 0.000000
vn -0.106134 0.993754 0.034485
vn -0.054256 0.998371 0.017629
vn -0.090284 0.993754 0.065595
vn -0.046153 0.998371 0.033532
vn -0.065595 0.993754 0.090284
vn -0.033532 0.998371 0.046153
vn -0.034485 0.993754 0.106135
vn -0.017629 0.998371 0.054257
vn -0.000000 0.993754 0.111597
vn 0.000000 0.998371 0.057049
vn 0.034485 0.993754 0.106135
vn 0.017629 0.998371 0.054256
vn 0.065595 0.993754 0.090284
vn 0.033532 0.998371 0.046153
vn 0.090284 0.993754 0.065595
vn 0.046153 0.998371 0.033532
vn 0.106135 0.993754 0.034485
vn 0.054256 0.998371 0.017629
vn 0.111597 0.993754 0.000000
vn 0.057049 0.998371 0.000000
vn -0.911481 0.285471 0.296157
vn -0.933149 0.193144 0.303197
vn -0.793783 0.193147 0.576717
vn -0.775352 0.285471 0.563326
vn -0.576717 0.193147 0.793783
vn -0.563326 0.285471 0.775352
vn -0.303198 0.193146 0.933148
vn -0.296158 0.285471 0.911481
vn -0.000000 0.193145 0.981170
vn 0.000000 0.285471 0.958387
vn 0.303198 0.193146 0.933148
vn 0.296158 0.285471 0.911481
vn 0.576718 0.193146 0.793783
vn 0.563326 0.285471 0.775352
vn 0.793783 0.193146 0.576717
vn 0.775352 0.285471 0.563326
vn 0.933148 0.193146 0.303198
vn 0.911481 0.285470 0.296158
vn 0.981170 0.193146 0.000000
vn 0.958388 0.285470 0.000000
vn 0.933148 0.193145 -0.303198
vn 0.911481 0.285471 -0.296158
vn 0.793783 0.193145 -0.576717
vn 0.775352 0.285471 -0.563326
vn 0.576717 0.193146 -0.793783
vn 0.563326 0.285471 -0.775352
vn 0.303198 0.193146 -0.933148
vn 0.296158 0.285471 -0.911481
vn 0.000000 0.193146 -0.981170
vn -0.000000 0.285471 -0.958387
vn -0.303198 0.193145 -0.933148
vn -0.296158 0.285471 -0.911481
vn -0.576717 0.193146 -0.793783
vn -0.563326 0.285471 -0.775352
vn -0.793783 0.193146 -0.576717
vn -0.775352 0.285470 -0.563326
vn -0.933148 0.193145 -0.303198
vn -0.911481 0.285470 -0.296158
vn -0.981170 0.193144 -0.000001
vn -0.958388 0.285471 -0.000001
vn 0.580584 0.814201 0.000000
vn 0.552168 0.814201 -0.179409
vn 0.861166 0.424381 -0.279809
vn 0.905485 0.424379 0.000001
vn 0.469701 0.814201 -0.341258
vn 0.732552 0.424380 -0.532230
vn 0.341258 0.814201 -0.469702
vn 0.532230 0.424380 -0.732552
vn 0.179410 0.814201 -0.552168
vn 0.279810 0.424380 -0.861166
vn -0.000000 0.814201 -0.580584
vn -0.000000 0.424380 -0.905484
vn -0.179410 0.814201 -0.552168
vn -0.279810 0.424380 -0.861167
vn -0.341258 0.814201 -0.469701
vn -0.532231 0.424379 -0.732552
vn -0.469702 0.814201 -0.341258
vn -0.732552 0.424380 -0.532230
vn -0.552168 0.814200 -0.179410
vn -0.861167 0.424379 -0.279810
vn -0.580583 0.814201 -0.000000
vn -0.905485 0.424378 -0.000000
vn -0.552167 0.814202 0.179410
vn -0.861166 0.424381 0.279810
vn -0.469701 0.814201 0.341258
vn -0.732552 0.424381 0.532230
vn -0.341258 0.814201 0.469702
vn -0.532230 0.424379 0.732552
vn -0.179410 0.814201 0.552168
vn -0.279810 0.424379 0.861167
vn -0.000000 0.814201 0.580583
vn 0.000000 0.424380 0.905484
vn 0.179410 0.814201 0.552168
vn 0.279810 0.424380 0.861167
vn 0.341258 0.814201 0.469701
vn 0.532230 0.424379 0.732552
vn 0.469702 0.814201 0.341258
vn 0.732552 0.424380 0.532230
vn 0.552169 0.814200 0.179411
vn 0.861167 0.424379 0.279810
vn -0.941611 0.336703 -0.000001
vn -0.895525 0.336705 0.290972
vn -0.170470 0.983805 0.055389
vn -0.179243 0.983805 -0.000000
vn -0.644785 0.764364 -0.000000
vn -0.613227 0.764364 0.199248
vn -0.613227 0.764364 0.199249
vn -0.644785 0.764364 -0.000000
vn -0.761779 0.336706 0.553464
vn -0.521641 0.764365 0.378995
vn -0.521641 0.764365 0.378995
vn -0.145011 0.983805 0.105356
vn -0.553464 0.336706 0.761779
vn -0.378995 0.764365 0.521642
vn -0.378995 0.764364 0.521642
vn -0.105356 0.983805 0.145010
vn -0.290973 0.336705 0.895525
vn -0.199249 0.764365 0.613226
vn -0.199249 0.764365 0.613226
vn -0.055389 0.983805 0.170470
vn 0.000000 0.336705 0.941610
vn 0.000000 0.764365 0.644784
vn -0.000000 0.764365 0.644784
vn 0.000000 0.983805 0.179243
vn 0.290973 0.336705 0.895525
vn 0.199249 0.764366 0.613225
vn 0.199249 0.764366 0.613225
vn 0.055389 0.983805 0.170470
vn 0.553465 0.336702 0.761780
vn 0.378993 0.764367 0.521639
vn 0.378993 0.764367 0.521639
vn 0.105356 0.983805 0.145011
vn 0.761779 0.336704 0.553464
vn 0.521641 0.764365 0.378994
vn 0.521641 0.764365 0.378994
vn 0.145011 0.983805 0.105356
vn 0.895524 0.336706 0.290973
vn 0.613227 0.764364 0.199250
vn 0.613228 0.764364 0.199249
vn 0.170470 0.983805 0.055389
vn 0.941611 0.336704 0.000000
vn 0.644785 0.764364 0.000000
vn 0.644785 0.764364 0.000000
vn 0.179243 0.983805 0.000000
vn 0.895526 0.336702 -0.290974
vn 0.613228 0.764363 -0.199250
vn 0.613228 0.764363 -0.199250
vn 0.170471 0.983805 -0.055389
vn 0.761780 0.336701 -0.553466
vn 0.521642 0.764364 -0.378995
vn 0.521642 0.764364 -0.378995
vn 0.145011 0.983805 -0.105357
vn 0.553464 0.336703 -0.761780
vn 0.378994 0.764365 -0.521641
vn 0.378994 0.764365 -0.521641
vn 0.105356 0.983805 -0.145011
vn 0.290974 0.336705 -0.895524
vn 0.199249 0.764365 -0.613226
vn 0.199249 0.764365 -0.613226
vn 0.055389 0.983805 -0.170470
vn 0.000000 0.336705 -0.941610
vn -0.000000 0.764364 -0.644785
vn -0.000000 0.764364 -0.644785
vn 0.000000 0.983805 -0.179243
vn -0.290974 0.336704 -0.895525
vn -0.199250 0.764364 -0.613228
vn -0.199250 0.764364 -0.613227
vn -0.055389 0.983805 -0.170471
vn -0.553465 0.336703 -0.761779
vn -0.378995 0.764365 -0.521641
vn -0.378995 0.764365 -0.521641
vn -0.105357 0.983805 -0.145011
vn -0.761779 0.336705 -0.553464
vn -0.521641 0.764365 -0.378994
vn -0.521641 0.764365 -0.378994
vn -0.145011 0.983805 -0.105357
vn -0.895525 0.336705 -0.290974
vn -0.613226 0.764365 -0.199249
vn -0.613226 0.764365 -0.199249
vn -0.170471 0.983805 -0.055389
vn -0.948759 0.316001 -0.000001
vn -0.902324 0.316001 0.293182
vn -0.900945 0.320322 0.292734
vn -0.947309 0.320321 -0.000001
vn -0.766389 0.320322 0.556814
vn -0.767562 0.316001 0.557667
vn -0.556814 0.320322 0.766389
vn -0.557666 0.316001 0.767562
vn -0.292735 0.320322 0.900944
vn -0.293182 0.316001 0.902323
vn 0.000000 0.320321 0.947309
vn 0.000000 0.316001 0.948759
vn 0.292735 0.320321 0.900944
vn 0.293183 0.316001 0.902323
vn 0.556814 0.320321 0.766389
vn 0.557667 0.316001 0.767562
vn 0.766389 0.320321 0.556814
vn 0.767562 0.316001 0.557666
vn 0.900944 0.320322 0.292735
vn 0.902323 0.316001 0.293183
vn 0.947309 0.320322 0.000000
vn 0.948759 0.316001 0.000000
vn 0.900944 0.320321 -0.292735
vn 0.902323 0.316001 -0.293183
vn 0.766389 0.320321 -0.556815
vn 0.767562 0.316001 -0.557667
vn 0.556814 0.320321 -0.766389
vn 0.557666 0.316001 -0.767562
vn 0.292735 0.320321 -0.900944
vn 0.293183 0.316001 -0.902323
vn -0.000000 0.320321 -0.947309
vn -0.000000 0.316001 -0.948759
vn -0.292735 0.320321 -0.900944
vn -0.293183 0.316001 -0.902323
vn -0.556814 0.320321 -0.766389
vn -0.557666 0.316001 -0.767562
vn -0.766389 0.320322 -0.556814
vn -0.767562 0.316001 -0.557666
vn -0.900944 0.320322 -0.292735
vn -0.902323 0.316001 -0.293183
s 1
g polySurface1 Bowl
usemtl initialShadingGroup
f 21/1/1 1/2/2 2/3/3 22/4/4
f 22/4/4 2/3/3 3/5/5 23/6/6
f 23/6/6 3/5/5 4/7/7 24/8/8
f 24/8/8 4/7/7 5/9/9 25/10/10
f 25/10/10 5/9/9 6/11/11 26/12/12
f 26/12/12 6/11/11 7/13/13 27/14/14
f 27/14/14 7/13/13 8/15/15 28/16/16
f 28/16/16 8/15/15 9/17/17 29/18/18
f 29/18/18 9/17/17 10/19/19 30/20/20
f 30/20/20 10/19/19 11/21/21 31/22/22
f 31/22/22 11/21/21 12/23/23 32/24/24
f 32/24/24 12/23/23 13/25/25 33/26/26
f 33/26/26 13/25/25 14/27/27 34/28/28
f 34/28/28 14/27/27 15/29/29 35/30/30
f 35/30/30 15/29/29 16/31/31 36/32/32
f 36/32/32 16/31/31 17/33/33 37/34/34
f 37/34/34 17/33/33 18/35/35 38/36/36
f 38/36/36 18/35/35 19/37/37 39/38/38
f 39/38/38 19/37/37 20/39/39 40/40/40
f 40/40/40 20/39/39 1/41/2 21/42/1
f 41/43/41 21/1/1 22/4/4 42/44/42
f 42/44/42 22/4/4 23/6/6 43/45/43
f 43/45/43 23/6/6 24/8/8 44/46/44
f 44/46/44 24/8/8 25/10/10 45/47/45
f 45/47/45 25/10/10 26/12/12 46/48/46
f 46/48/46 26/12/12 27/14/14 47/49/47
f 47/49/47 27/14/14 28/16/16 48/50/48
f 48/50/48 28/16/16 29/18/18 49/51/49
f 49/51/49 29/18/18 30/20/20 50/52/50
f 50/52/50 30/20/20 31/22/22 51/53/51
f 51/53/51 31/22/22 32/24/24 52/54/52
f 52/54/52 32/24/24 33/26/26 53/55/53
f 53/55/53 33/26/26 34/28/28 54/56/54
f 54/56/54 34/28/28 35/30/30 55/57/55
f 55/57/55 35/30/30 36/32/32 56/58/56
f 56/58/56 36/32/32 37/34/34 57/59/57
f 57/59/57 37/34/34 38/36/36 58/60/58
f 58/60/58 38/36/36 39/38/38 59/61/59
f 59/61/59 39/38/38 40/40/40 60/62/60
f 60/62/60 40/40/40 21/42/1 41/63/41
f 61/64/61 41/43/41 42/44/42 62/65/62
f 62/65/62 42/44/42 43/45/43 63/66/63
f 63/66/63 43/45/43 44/46/44 64/67/64
f 64/67/64 44/46/44 45/47/45 65/68/65
f 65/68/65 45/47/45 46/48/46 66/69/66
f 66/69/66 46/48/46 47/49/47 67/70/67
f 67/70/67 47/49/47 48/50/48 68/71/68
f 68/71/68 48/50/48 49/51/49 69/72/69
f 69/72/69 49/51/49 50/52/50 70/73/70
f 70/73/70 50/52/50 51/53/51 71/74/71
f 71/74/71 51/53/51 52/54/52 72/75/72
f 72/75/72 52/54/52 53/55/53 73/76/73
f 73/76/73 53/55/53 54/56/54 74/77/74
f 74/77/74 54/56/54 55/57/55 75/78/75
f 75/78/75 55/57/55 56/58/56 76/79/76
f 76/79/76 56/58/56 57/59/57 77/80/77
f 77/80/77 57/59/57 58/60/58 78/81/78
f 78/81/78 58/60/58 59/61/59 79/82/79
f 79/82/79 59/61/59 60/62/60 80/83/80
f 80/83/80 60/62/60 41/63/41 61/84/61
f 81/85/81 61/64/61 62/65/62 82/86/82
f 82/86/82 62/65/62 63/66/63 83/87/83
f 83/87/83 63/66/63 64/67/64 84/88/84
f 84/88/84 64/67/64 65/68/65 85/89/85
f 85/89/85 65/68/65 66/69/66 86/90/86
f 86/90/86 66/69/66 67/70/67 87/91/87
f 87/91/87 67/70/67 68/71/68 88/92/88
f 88/92/88 68/71/68 69/72/69 89/93/89
f 89/93/89 69/72/69 70/73/70 90/94/90
f 90/94/90 70/73/70 71/74/71 91/95/91
f 91/95/91 71/74/71 72/75/72 92/96/92
f 92/96/92 72/75/72 73/76/73 93/97/93
f 93/97/93 73/76/73 74/77/74 94/98/94
f 94/98/94 74/77/74 75/78/75 95/99/95
f 95/99/95 75/78/75 76/79/76 96/100/96
f 96/100/96 76/79/76 77/80/77 97/101/97
f 97/101/97 77/80/77 78/81/78 98/102/98
f 98/102/98 78/81/78 79/82/79 99/103/99
f 99/103/99 79/82/79 80/83/80 100/104/100
f 100/104/100 80/83/80 61/84/61 81/105/81
f 101/106/101 81/85/81 82/86/82 102/107/102
f 102/107/102 82/86/82 83/87/83 103/108/103
f 103/108/103 83/87/83 84/88/84 104/109/104
f 104/109/104 84/88/84 85/89/85 105/110/105
f 105/110/105 85/89/85 86/90/86 106/111/106
f 106/111/106 86/90/86 87/91/87 107/112/107
f 107/112/107 87/91/87 88/92/88 108/113/108
f 108/113/108 88/92/88 89/93/89 109/114/109
f 109/114/109 89/93/89 90/94/90 110/115/110
f 110/115/110 90/94/90 91/95/91 111/116/111
f 111/116/111 91/95/91 92/96/92 112/117/112
f 112/117/112 92/96/92 93/97/93 113/118/113
f 113/118/113 93/97/93 94/98/94 114/119/114
f 114/119/114 94/98/94 95/99/95 115/120/115
f 115/120/115 95/99/95 96/100/96 116/121/116
f 116/121/116 96/100/96 97/101/97 117/122/117
f 117/122/117 97/101/97 98/102/98 118/123/118
f 118/123/118 98/102/98 99/103/99 119/124/119
f 119/124/119 99/103/99 100/104/100 120/125/120
f 120/125/120 100/104/100 81/105/81 101/126/101
f 121/127/121 101/106/101 102/107/102 122/128/122
f 122/128/122 102/107/102 103/108/103 123/129/123
f 123/129/123 103/108/103 104/109/104 124/130/124
f 124/130/124 104/109/104 105/110/105 125/131/125
f 125/131/125 105/110/105 106/111/106 126/132/126
f 126/132/126 106/111/106 107/112/107 127/133/127
f 127/133/127 107/112/107 108/113/108 128/134/128
f 128/134/128 108/113/108 109/114/109 129/135/129
f 129/135/129 109/114/109 110/115/110 130/136/130
f 130/136/130 110/115/110 111/116/111 131/137/131
f 131/137/131 111/116/111 112/117/112 132/138/132
f 132/138/132 112/117/112 113/118/113 133/139/133
f 133/139/133 113/118/113 114/119/114 134/140/134
f 134/140/134 114/119/114 115/120/115 135/141/135
f 135/141/135 115/120/115 116/121/116 136/142/136
f 136/142/136 116/121/116 117/122/117 137/143/137
f 137/143/137 117/122/117 118/123/118 138/144/138
f 138/144/138 118/123/118 119/124/119 139/145/139
f 139/145/139 119/124/119 120/125/120 140/146/140
f 140/146/140 120/125/120 101/126/101 121/147/121
f 141/148/141 121/127/121 122/128/122 142/149/142
f 142/149/142 122/128/122 123/129/123 143/150/143
f 143/150/143 123/129/123 124/130/124 144/151/144
f 144/151/144 124/130/124 125/131/125 145/152/145
f 145/152/145 125/131/125 126/132/126 146/153/146
f 146/153/146 126/132/126 127/133/127 147/154/147
f 147/154/147 127/133/127 128/134/128 148/155/148
f 148/155/148 128/134/128 129/135/129 149/156/149
f 149/156/149 129/135/129 130/136/130 150/157/150
f 150/157/150 130/136/130 131/137/131 151/158/151
f 151/158/151 131/137/131 132/138/132 152/159/152
f 152/159/152 132/138/132 133/139/133 153/160/153
f 153/160/153 133/139/133 134/140/134 154/161/154
f 154/161/154 134/140/134 135/141/135 155/162/155
f 155/162/155 135/141/135 136/142/136 156/163/156
f 156/163/156 136/142/136 137/143/137 157/164/157
f 157/164/157 137/143/137 138/144/138 158/165/158
f 158/165/158 138/144/138 139/145/139 159/166/159
f 159/166/159 139/145/139 140/146/140 160/167/160
f 160/167/160 140/146/140 121/147/121 141/168/141
f 161/169/161 141/148/141 142/149/142 162/170/162
f 162/170/162 142/149/142 143/150/143 163/171/163
f 163/171/163 143/150/143 144/151/144 164/172/164
f 164/172/164 144/151/144 145/152/145 165/173/165
f 165/173/165 145/152/145 146/153/146 166/174/166
f 166/174/166 146/153/146 147/154/147 167/175/167
f 167/175/167 147/154/147 148/155/148 168/176/168
f 168/176/168 148/155/148 149/156/149 169/177/169
f 169/177/169 149/156/149 150/157/150 170/178/170
f 170/178/170 150/157/150 151/158/151 171/179/171
f 171/179/171 151/158/151 152/159/152 172/180/172
f 172/180/172 152/159/152 153/160/153 173/181/173
f 173/181/173 153/160/153 154/161/154 174/182/174
f 174/182/174 154/161/154 155/162/155 175/183/175
f 175/183/175 155/162/155 156/163/156 176/184/176
f 176/184/176 156/163/156 157/164/157 177/185/177
f 177/185/177 157/164/157 158/165/158 178/186/178
f 178/186/178 158/165/158 159/166/159 179/187/179
f 179/187/179 159/166/159 160/167/160 180/188/180
f 180/188/180 160/167/160 141/168/141 161/189/161
f 2/3/3 1/2/2 181/190/181
f 3/5/5 2/3/3 181/191/181
f 4/7/7 3/5/5 181/192/181
f 5/9/9 4/7/7 181/193/181
f 6/11/11 5/9/9 181/194/181
f 7/13/13 6/11/11 181/195/181
f 8/15/15 7/13/13 181/196/181
f 9/17/17 8/15/15 181/197/181
f 10/19/19 9/17/17 181/198/181
f 11/21/21 10/19/19 181/199/181
f 12/23/23 11/21/21 181/200/181
f 13/25/25 12/23/23 181/201/181
f 14/27/27 13/25/25 181/202/181
f 15/29/29 14/27/27 181/203/181
f 16/31/31 15/29/29 181/204/181
f 17/33/33 16/31/31 181/205/181
f 18/35/35 17/33/33 181/206/181
f 19/37/37 18/35/35 181/207/181
f 20/39/39 19/37/37 181/208/181
f 1/41/2 20/39/39 181/209/181
s 2
f 222/210/182 202/211/183 203/212/184 223/213/185
f 223/214/186 203/215/184 204/216/187 224/217/188
f 224/218/189 204/219/187 205/220/190 225/221/191
f 225/222/192 205/223/190 206/224/193 226/225/194
f 226/226/195 206/227/193 207/228/196 227/229/197
f 227/230/198 207/231/196 208/232/199 228/233/200
f 228/234/201 208/235/199 209/236/202 229/237/203
f 229/238/204 209/239/202 210/240/205 230/241/206
f 230/242/207 210/243/205 211/244/208 231/245/209
f 231/246/210 211/247/208 212/248/211 232/249/212
f 232/250/213 212/251/211 213/252/214 233/253/215
f 233/254/216 213/255/214 214/256/217 234/257/218
f 234/258/219 214/259/217 215/260/220 235/261/221
f 235/262/222 215/263/220 216/264/223 236/265/224
f 236/266/225 216/267/223 217/268/226 237/269/227
f 237/270/228 217/271/226 218/272/229 238/273/230
f 238/274/231 218/275/229 219/276/232 239/277/233
f 239/278/234 219/279/232 220/280/235 240/281/236
f 240/282/237 220/283/235 221/284/238 241/285/239
f 241/286/240 221/287/238 202/288/183 222/289/241
s 22
f 222/210/242 223/214/243 224/218/244 225/222/245
f 222/210/242 225/222/245 226/226/246 227/230/247
f 222/210/242 227/230/247 228/234/248 229/238/249
f 222/210/242 229/238/249 230/242/250 231/246/251
f 222/210/242 231/246/251 232/250/252 233/254/253
f 222/210/242 233/254/253 234/258/254 235/262/255
f 222/210/242 235/262/255 236/266/256 237/270/257
f 222/210/242 237/270/257 238/274/258 239/278/259
f 222/210/242 239/278/259 240/282/260 241/286/261
s 2
f 244/290/262 242/291/263 243/292/264 245/293/265
f 281/294/266 243/295/264 242/296/263 280/297/267
f 246/298/268 244/299/262 245/300/265 247/301/269
f 248/302/270 246/303/268 247/304/269 249/305/271
f 250/306/272 248/307/270 249/308/271 251/309/273
f 252/310/274 250/311/272 251/312/273 253/313/275
f 254/314/276 252/315/274 253/316/275 255/317/277
f 256/318/278 254/319/276 255/320/277 257/321/279
f 258/322/280 256/323/278 257/324/279 259/325/281
f 260/326/282 258/327/280 259/328/281 261/329/283
f 262/330/284 260/331/282 261/332/283 263/333/285
f 264/334/286 262/335/284 263/336/285 265/337/287
f 266/338/288 264/339/286 265/340/287 267/341/289
f 268/342/290 266/343/288 267/344/289 269/345/291
f 270/346/292 268/347/290 269/348/291 271/349/293
f 272/350/294 270/351/292 271/352/293 273/353/295
f 274/354/296 272/355/294 273/356/295 275/357/297
f 276/358/298 274/359/296 275/360/297 277/361/299
f 278/362/300 276/363/298 277/364/299 279/365/301
f 280/366/267 278/367/300 279/368/301 281/369/266
f 202/211/183 242/291/263 244/290/262 203/212/184
f 203/215/184 244/299/262 246/298/268 204/216/187
f 204/219/187 246/303/268 248/302/270 205/220/190
f 205/223/190 248/307/270 250/306/272 206/224/193
f 206/227/193 250/311/272 252/310/274 207/228/196
f 207/231/196 252/315/274 254/314/276 208/232/199
f 208/235/199 254/319/276 256/318/278 209/236/202
f 209/239/202 256/323/278 258/322/280 210/240/205
f 210/243/205 258/327/280 260/326/282 211/244/208
f 211/247/208 260/331/282 262/330/284 212/248/211
f 212/251/211 262/335/284 264/334/286 213/252/214
f 213/255/214 264/339/286 266/338/288 214/256/217
f 214/259/217 266/343/288 268/342/290 215/260/220
f 215/263/220 268/347/290 270/346/292 216/264/223
f 216/267/223 270/351/292 272/350/294 217/268/226
f 217/271/226 272/355/294 274/354/296 218/272/229
f 218/275/229 274/359/296 276/358/298 219/276/232
f 219/279/232 276/363/298 278/362/300 220/280/235
f 220/283/235 278/367/300 280/366/267 221/284/238
f 221/287/238 280/297/267 242/296/263 202/288/183
s 1
f 282/370/302 161/169/161 162/170/162 286/371/303
f 286/371/303 162/170/162 163/171/163 290/372/304
f 290/372/304 163/171/163 164/172/164 294/373/305
f 294/373/305 164/172/164 165/173/165 298/374/306
f 298/374/306 165/173/165 166/174/166 302/375/307
f 302/375/307 166/174/166 167/175/167 306/376/308
f 306/376/308 167/175/167 168/176/168 310/377/309
f 310/377/309 168/176/168 169/177/169 314/378/310
f 314/378/310 169/177/169 170/178/170 318/379/311
f 318/379/311 170/178/170 171/179/171 322/380/312
f 322/380/312 171/179/171 172/180/172 326/381/313
f 326/381/313 172/180/172 173/181/173 330/382/314
f 330/382/314 173/181/173 174/182/174 334/383/315
f 334/383/315 174/182/174 175/183/175 338/384/316
f 338/384/316 175/183/175 176/184/176 342/385/317
f 342/385/317 176/184/176 177/185/177 346/386/318
f 346/386/318 177/185/177 178/186/178 350/387/319
f 350/387/319 178/186/178 179/187/179 354/388/320
f 354/388/320 179/187/179 180/188/180 358/389/321
f 358/389/321 180/188/180 161/189/161 282/390/302
f 362/391/322 285/392/323 289/393/324 366/394/325
f 366/395/325 289/396/324 293/397/326 370/398/327
f 370/399/327 293/400/326 297/401/328 374/402/329
f 374/403/329 297/404/328 301/405/330 378/406/331
f 378/407/331 301/408/330 305/409/332 382/410/333
f 382/411/333 305/412/332 309/413/334 386/414/335
f 386/415/335 309/416/334 313/417/336 390/418/337
f 390/419/337 313/420/336 317/421/338 394/422/339
f 394/423/339 317/424/338 321/425/340 398/426/341
f 398/427/341 321/428/340 325/429/342 402/430/343
f 402/431/343 325/432/342 329/433/344 406/434/345
f 406/435/345 329/436/344 333/437/346 410/438/347
f 410/439/347 333/440/346 337/441/348 414/442/349
f 414/443/349 337/444/348 341/445/350 418/446/351
f 418/447/351 341/448/350 345/449/352 422/450/353
f 422/451/353 345/452/352 349/453/354 426/454/355
f 426/455/355 349/456/354 353/457/356 430/458/357
f 430/459/357 353/460/356 357/461/358 434/462/359
f 434/463/359 357/464/358 361/465/360 438/466/361
f 438/467/361 361/468/360 285/469/323 362/470/322
s 2
f 182/471/362 365/472/363 369/473/364 183/474/365
f 183/475/365 369/476/364 373/477/366 184/478/367
f 184/479/367 373/480/366 377/481/368 185/482/369
f 185/483/369 377/484/368 381/485/370 186/486/371
f 186/487/371 381/488/370 385/489/372 187/490/373
f 187/491/373 385/492/372 389/493/374 188/494/375
f 188/495/375 389/496/374 393/497/376 189/498/377
f 189/499/377 393/500/376 397/501/378 190/502/379
f 190/503/379 397/504/378 401/505/380 191/506/381
f 191/507/381 401/508/380 405/509/382 192/510/383
f 192/511/383 405/512/382 409/513/384 193/514/385
f 193/515/385 409/516/384 413/517/386 194/518/387
f 194/519/387 413/520/386 417/521/388 195/522/389
f 195/523/389 417/524/388 421/525/390 196/526/391
f 196/527/391 421/528/390 425/529/392 197/530/393
f 197/531/393 425/532/392 429/533/394 198/534/395
f 198/535/395 429/536/394 433/537/396 199/538/397
f 199/539/397 433/540/396 437/541/398 200/542/399
f 200/543/399 437/544/398 441/545/400 201/546/401
f 201/547/401 441/548/400 365/549/363 182/550/362
s 1
f 360/551/402 284/552/403 285/469/323 361/468/360
f 358/389/321 282/390/302 283/553/404 359/554/405
f 359/554/405 283/553/404 284/555/403 360/556/402
f 289/393/324 285/392/323 284/557/403 288/558/406
f 288/559/406 284/560/403 283/561/404 287/562/407
f 287/562/407 283/561/404 282/370/302 286/371/303
f 293/397/326 289/396/324 288/563/406 292/564/408
f 292/565/408 288/559/406 287/562/407 291/566/409
f 291/566/409 287/562/407 286/371/303 290/372/304
f 297/401/328 293/400/326 292/567/408 296/568/410
f 296/569/410 292/565/408 291/566/409 295/570/411
f 295/570/411 291/566/409 290/372/304 294/373/305
f 301/405/330 297/404/328 296/571/410 300/572/412
f 300/573/412 296/569/410 295/570/411 299/574/413
f 299/574/413 295/570/411 294/373/305 298/374/306
f 305/409/332 301/408/330 300/575/412 304/576/414
f 304/577/414 300/573/412 299/574/413 303/578/415
f 303/578/415 299/574/413 298/374/306 302/375/307
f 309/413/334 305/412/332 304/579/414 308/580/416
f 308/581/416 304/577/414 303/578/415 307/582/417
f 307/582/417 303/578/415 302/375/307 306/376/308
f 313/417/336 309/416/334 308/583/416 312/584/418
f 312/585/418 308/581/416 307/582/417 311/586/419
f 311/586/419 307/582/417 306/376/308 310/377/309
f 317/421/338 313/420/336 312/587/418 316/588/420
f 316/589/420 312/585/418 311/586/419 315/590/421
f 315/590/421 311/586/419 310/377/309 314/378/310
f 321/425/340 317/424/338 316/591/420 320/592/422
f 320/593/422 316/589/420 315/590/421 319/594/423
f 319/594/423 315/590/421 314/378/310 318/379/311
f 325/429/342 321/428/340 320/595/422 324/596/424
f 324/597/424 320/593/422 319/594/423 323/598/425
f 323/598/425 319/594/423 318/379/311 322/380/312
f 329/433/344 325/432/342 324/599/424 328/600/426
f 328/601/426 324/597/424 323/598/425 327/602/427
f 327/602/427 323/598/425 322/380/312 326/381/313
f 333/437/346 329/436/344 328/603/426 332/604/428
f 332/605/428 328/601/426 327/602/427 331/606/429
f 331/606/429 327/602/427 326/381/313 330/382/314
f 337/441/348 333/440/346 332/607/428 336/608/430
f 336/609/430 332/605/428 331/606/429 335/610/431
f 335/610/431 331/606/429 330/382/314 334/383/315
f 341/445/350 337/444/348 336/611/430 340/612/432
f 340/613/432 336/609/430 335/610/431 339/614/433
f 339/614/433 335/610/431 334/383/315 338/384/316
f 345/449/352 341/448/350 340/615/432 344/616/434
f 344/617/434 340/613/432 339/614/433 343/618/435
f 343/618/435 339/614/433 338/384/316 342/385/317
f 349/453/354 345/452/352 344/619/434 348/620/436
f 348/621/436 344/617/434 343/618/435 347/622/437
f 347/622/437 343/618/435 342/385/317 346/386/318
f 353/457/356 349/456/354 348/623/436 352/624/438
f 352/625/438 348/621/436 347/622/437 351/626/439
f 351/626/439 347/622/437 346/386/318 350/387/319
f 357/461/358 353/460/356 352/627/438 356/628/440
f 356/629/440 352/625/438 351/626/439 355/630/441
f 355/630/441 351/626/439 350/387/319 354/388/320
f 361/465/360 357/464/358 356/631/440 360/632/402
f 360/556/402 356/629/440 355/630/441 359/554/405
f 359/554/405 355/630/441 354/388/320 358/389/321
s 2
f 440/633/442 364/634/443 365/549/363 441/548/400
s 1
f 438/467/361 362/470/322 363/635/444 439/636/445
s 25
f 439/636/446 363/635/447 364/634/448 440/633/449
s 2
f 369/473/364 365/472/363 364/637/443 368/638/450
s 25
f 368/638/451 364/637/448 363/639/447 367/640/452
s 1
f 367/640/453 363/639/444 362/391/322 366/394/325
s 2
f 373/477/366 369/476/364 368/641/450 372/642/454
s 25
f 372/642/455 368/641/451 367/643/452 371/644/456
s 1
f 371/644/457 367/643/453 366/395/325 370/398/327
s 2
f 377/481/368 373/480/366 372/645/454 376/646/458
s 25
f 376/646/459 372/645/455 371/647/456 375/648/460
s 1
f 375/648/461 371/647/457 370/399/327 374/402/329
s 2
f 381/485/370 377/484/368 376/649/458 380/650/462
s 25
f 380/650/463 376/649/459 375/651/460 379/652/464
s 1
f 379/652/465 375/651/461 374/403/329 378/406/331
s 2
f 385/489/372 381/488/370 380/653/462 384/654/466
s 25
f 384/654/467 380/653/463 379/655/464 383/656/468
s 1
f 383/656/469 379/655/465 378/407/331 382/410/333
s 2
f 389/493/374 385/492/372 384/657/466 388/658/470
s 25
f 388/658/471 384/657/467 383/659/468 387/660/472
s 1
f 387/660/473 383/659/469 382/411/333 386/414/335
s 2
f 393/497/376 389/496/374 388/661/470 392/662/474
s 25
f 392/662/475 388/661/471 387/663/472 391/664/476
s 1
f 391/664/477 387/663/473 386/415/335 390/418/337
s 2
f 397/501/378 393/500/376 392/665/474 396/666/478
s 25
f 396/666/479 392/665/475 391/667/476 395/668/480
s 1
f 395/668/481 391/667/477 390/419/337 394/422/339
s 2
f 401/505/380 397/504/378 396/669/478 400/670/482
s 25
f 400/670/483 396/669/479 395/671/480 399/672/484
s 1
f 399/672/485 395/671/481 394/423/339 398/426/341
s 2
f 405/509/382 401/508/380 400/673/482 404/674/486
s 25
f 404/674/487 400/673/483 399/675/484 403/676/488
s 1
f 403/676/489 399/675/485 398/427/341 402/430/343
s 2
f 409/513/384 405/512/382 404/677/486 408/678/490
s 25
f 408/678/491 404/677/487 403/679/488 407/680/492
s 1
f 407/680/493 403/679/489 402/431/343 406/434/345
s 2
f 413/517/386 409/516/384 408/681/490 412/682/494
s 25
f 412/682/495 408/681/491 407/683/492 411/684/496
s 1
f 411/684/497 407/683/493 406/435/345 410/438/347
s 2
f 417/521/388 413/520/386 412/685/494 416/686/498
s 25
f 416/686/499 412/685/495 411/687/496 415/688/500
s 1
f 415/688/501 411/687/497 410/439/347 414/442/349
s 2
f 421/525/390 417/524/388 416/689/498 420/690/502
s 25
f 420/690/503 416/689/499 415/691/500 419/692/504
s 1
f 419/692/505 415/691/501 414/443/349 418/446/351
s 2
f 425/529/392 421/528/390 420/693/502 424/694/506
s 25
f 424/694/507 420/693/503 419/695/504 423/696/508
s 1
f 423/696/509 419/695/505 418/447/351 422/450/353
s 2
f 429/533/394 425/532/392 424/697/506 428/698/510
s 25
f 428/698/511 424/697/507 423/699/508 427/700/512
s 1
f 427/700/513 423/699/509 422/451/353 426/454/355
s 2
f 433/537/396 429/536/394 428/701/510 432/702/514
s 25
f 432/702/515 428/701/511 427/703/512 431/704/516
s 1
f 431/704/517 427/703/513 426/455/355 430/458/357
s 2
f 437/541/398 433/540/396 432/705/514 436/706/518
s 25
f 436/706/519 432/705/515 431/707/516 435/708/520
s 1
f 435/708/521 431/707/517 430/459/357 434/462/359
s 2
f 441/545/400 437/544/398 436/709/518 440/710/442
s 25
f 440/710/449 436/709/519 435/711/520 439/712/446
s 1
f 439/712/445 435/711/521 434/463/359 438/466/361
s 2
f 480/713/522 442/714/523 443/715/524 481/716/525
f 445/717/526 443/718/524 442/719/523 444/720/527
f 447/721/528 445/722/526 444/723/527 446/724/529
f 449/725/530 447/726/528 446/727/529 448/728/531
f 451/729/532 449/730/530 448/731/531 450/732/533
f 453/733/534 451/734/532 450/735/533 452/736/535
f 455/737/536 453/738/534 452/739/535 454/740/537
f 457/741/538 455/742/536 454/743/537 456/744/539
f 459/745/540 457/746/538 456/747/539 458/748/541
f 461/749/542 459/750/540 458/751/541 460/752/543
f 463/753/544 461/754/542 460/755/543 462/756/545
f 465/757/546 463/758/544 462/759/545 464/760/547
f 467/761/548 465/762/546 464/763/547 466/764/549
f 469/765/550 467/766/548 466/767/549 468/768/551
f 471/769/552 469/770/550 468/771/551 470/772/553
f 473/773/554 471/774/552 470/775/553 472/776/555
f 475/777/556 473/778/554 472/779/555 474/780/557
f 477/781/558 475/782/556 474/783/557 476/784/559
f 479/785/560 477/786/558 476/787/559 478/788/561
f 481/789/525 479/790/560 478/791/561 480/792/522
f 444/720/527 442/719/523 182/471/362 183/793/365
f 444/723/527 183/475/365 184/794/367 446/724/529
f 446/727/529 184/479/367 185/795/369 448/728/531
f 448/731/531 185/483/369 186/796/371 450/732/533
f 450/735/533 186/487/371 187/797/373 452/736/535
f 452/739/535 187/491/373 188/798/375 454/740/537
f 454/743/537 188/495/375 189/799/377 456/744/539
f 456/747/539 189/499/377 190/800/379 458/748/541
f 458/751/541 190/503/379 191/801/381 460/752/543
f 460/755/543 191/507/381 192/802/383 462/756/545
f 462/759/545 192/511/383 193/803/385 464/760/547
f 464/763/547 193/515/385 194/804/387 466/764/549
f 466/767/549 194/519/387 195/805/389 468/768/551
f 468/771/551 195/523/389 196/806/391 470/772/553
f 470/775/553 196/527/391 197/807/393 472/776/555
f 472/779/555 197/531/393 198/808/395 474/780/557
f 474/783/557 198/535/395 199/809/397 476/784/559
f 476/787/559 199/539/397 200/810/399 478/788/561
f 478/791/561 200/543/399 201/811/401 480/792/522
f 480/713/522 201/547/401 182/812/362 442/714/523
f 243/292/264 443/718/524 445/717/526 245/293/265
f 245/300/265 445/722/526 447/721/528 247/301/269
f 247/304/269 447/726/528 449/725/530 249/305/271
f 249/308/271 449/730/530 451/729/532 251/309/273
f 251/312/273 451/734/532 453/733/534 253/313/275
f 253/316/275 453/738/534 455/737/536 255/317/277
f 255/320/277 455/742/536 457/741/538 257/321/279
f 257/324/279 457/746/538 459/745/540 259/325/281
f 259/328/281 459/750/540 461/749/542 261/329/283
f 261/332/283 461/754/542 463/753/544 263/333/285
f 263/336/285 463/758/544 465/757/546 265/337/287
f 265/340/287 465/762/546 467/761/548 267/341/289
f 267/344/289 467/766/548 469/765/550 269/345/291
f 269/348/291 469/770/550 471/769/552 271/349/293
f 271/352/293 471/774/552 473/773/554 273/353/295
f 273/356/295 473/778/554 475/777/556 275/357/297
f 275/360/297 475/782/556 477/781/558 277/361/299
f 277/364/299 477/786/558 479/785/560 279/365/301
f 279/368/301 479/790/560 481/789/525 281/369/266
f 281/294/266 481/716/525 443/715/524 243/295/264
g default
v 0.460667 0.007762 -0.149680
v 0.502775 -0.007762 -0.163361
v 0.427686 -0.007762 -0.310732
v 0.391867 0.007762 -0.284708
v 0.310732 -0.007762 -0.427686
v 0.284708 0.007762 -0.391867
v 0.163362 -0.007762 -0.502775
v 0.149680 0.007762 -0.460667
v 0.000000 -0.007762 -0.528649
v 0.000000 0.007762 -0.484374
v -0.163361 -0.007762 -0.502775
v -0.149680 0.007762 -0.460667
v -0.310732 -0.007762 -0.427686
v -0.284708 0.007762 -0.391867
v -0.427686 -0.007762 -0.310732
v -0.391867 0.007762 -0.284708
v -0.502775 -0.007762 -0.163361
v -0.460667 0.007762 -0.149680
v -0.528649 -0.007762 0.000000
v -0.484374 0.007762 0.000000
v -0.502775 -0.007762 0.163362
v -0.460667 0.007762 0.149680
v -0.427686 -0.007762 0.310732
v -0.391867 0.007762 0.284708
v -0.310732 -0.007762 0.427686
v -0.284708 0.007762 0.391867
v -0.163361 -0.007762 0.502775
v -0.149680 0.007762 0.460667
v 0.000000 -0.007762 0.528649
v 0.000000 0.007762 0.484374
v 0.163362 -0.007762 0.502775
v 0.149680 0.007762 0.460667
v 0.310732 -0.007762 0.427686
v 0.284708 0.007762 0.391867
v 0.427686 -0.007762 0.310732
v 0.391867 0.007762 0.284708
v 0.502775 -0.007762 0.163362
v 0.460667 0.007762 0.149680
v 0.528649 -0.007762 0.000000
v 0.484374 0.007762 0.000000
v 0.427686 0.080132 -0.310732
v 0.426599 0.103429 -0.309942
v 0.423600 0.121088 -0.307763
v 0.419417 0.128834 -0.304724
v 0.502775 0.080132 -0.163361
v 0.501497 0.103429 -0.162946
v 0.497972 0.121088 -0.161801
v 0.493055 0.128835 -0.160203
v 0.460667 0.091919 -0.149680
v 0.462105 0.115508 -0.150147
v 0.465996 0.132135 -0.151411
v 0.471193 0.136895 -0.153100
v 0.391867 0.091919 -0.284708
v 0.393090 0.115508 -0.285597
v 0.396400 0.132135 -0.288001
v 0.400821 0.136895 -0.291213
v 0.310732 0.080132 -0.427686
v 0.309942 0.103429 -0.426599
v 0.307763 0.121088 -0.423600
v 0.304725 0.128835 -0.419417
v 0.284708 0.091919 -0.391867
v 0.285597 0.115508 -0.393090
v 0.288001 0.132135 -0.396400
v 0.291213 0.136895 -0.400821
v 0.163362 0.080132 -0.502775
v 0.162946 0.103429 -0.501497
v 0.161801 0.121088 -0.497972
v 0.160203 0.128835 -0.493054
v 0.149680 0.091919 -0.460667
v 0.150147 0.115508 -0.462105
v 0.151411 0.132135 -0.465996
v 0.153100 0.136895 -0.471193
v 0.000000 0.080132 -0.528649
v 0.000000 0.103429 -0.527305
v 0.000000 0.121088 -0.523598
v 0.000000 0.128835 -0.518428
v 0.000000 0.091919 -0.484374
v 0.000000 0.115508 -0.485886
v 0.000000 0.132135 -0.489977
v 0.000000 0.136895 -0.495441
v -0.163361 0.080132 -0.502775
v -0.162946 0.103429 -0.501497
v -0.161801 0.121088 -0.497972
v -0.160203 0.128835 -0.493054
v -0.149680 0.091919 -0.460667
v -0.150147 0.115508 -0.462105
v -0.151411 0.132135 -0.465996
v -0.153100 0.136895 -0.471193
v -0.310732 0.080132 -0.427686
v -0.309942 0.103429 -0.426599
v -0.307763 0.121088 -0.423600
v -0.304724 0.128835 -0.419417
v -0.284708 0.091919 -0.391867
v -0.285597 0.115508 -0.393090
v -0.288001 0.132135 -0.396400
v -0.291213 0.136895 -0.400820
v -0.427686 0.080132 -0.310732
v -0.426599 0.103429 -0.309942
v -0.423600 0.121088 -0.307763
v -0.419417 0.128835 -0.304724
v -0.391867 0.091919 -0.284708
v -0.393090 0.115508 -0.285597
v -0.396400 0.132135 -0.288001
v -0.400820 0.136895 -0.291213
v -0.502775 0.080132 -0.163361
v -0.501497 0.103429 -0.162946
v -0.497971 0.121088 -0.161801
v -0.493054 0.128834 -0.160203
v -0.460667 0.091919 -0.149680
v -0.462105 0.115508 -0.150147
v -0.465996 0.132135 -0.151411
v -0.471193 0.136895 -0.153100
v -0.528649 0.080132 0.000000
v -0.527305 0.103429 0.000000
v -0.523598 0.121088 0.000000
v -0.518428 0.128834 0.000000
v -0.484374 0.091918 0.000000
v -0.485886 0.115508 0.000000
v -0.489977 0.132135 0.000000
v -0.495441 0.136894 0.000000
v -0.502775 0.080132 0.163362
v -0.501497 0.103429 0.162946
v -0.497971 0.121088 0.161801
v -0.493054 0.128834 0.160203
v -0.460667 0.091918 0.149680
v -0.462105 0.115508 0.150147
v -0.465996 0.132135 0.151411
v -0.471193 0.136894 0.153100
v -0.427686 0.080132 0.310732
v -0.426599 0.103429 0.309942
v -0.423600 0.121088 0.307763
v -0.419417 0.128834 0.304724
v -0.391867 0.091919 0.284708
v -0.393090 0.115508 0.285597
v -0.396400 0.132135 0.288001
v -0.400820 0.136895 0.291213
v -0.310732 0.080132 0.427686
v -0.309942 0.103429 0.426599
v -0.307763 0.121088 0.423600
v -0.304724 0.128835 0.419417
v -0.284708 0.091919 0.391867
v -0.285597 0.115508 0.393090
v -0.288001 0.132135 0.396400
v -0.291213 0.136895 0.400821
v -0.163361 0.080132 0.502775
v -0.162946 0.103429 0.501497
v -0.161801 0.121088 0.497972
v -0.160203 0.128835 0.493054
v -0.149680 0.091919 0.460667
v -0.150147 0.115508 0.462105
v -0.151411 0.132135 0.465996
v -0.153100 0.136895 0.471193
v 0.000000 0.080132 0.528649
v 0.000000 0.103429 0.527305
v 0.000000 0.121088 0.523598
v 0.000000 0.128834 0.518428
v 0.000000 0.091919 0.484374
v 0.000000 0.115508 0.485886
v 0.000000 0.132135 0.489977
v 0.000000 0.136895 0.495441
v 0.163362 0.080132 0.502775
v 0.162946 0.103429 0.501497
v 0.161801 0.121088 0.497972
v 0.160203 0.128834 0.493054
v 0.149680 0.091919 0.460667
v 0.150147 0.115508 0.462105
v 0.151411 0.132135 0.465996
v 0.153100 0.136895 0.471193
v 0.310732 0.080132 0.427686
v 0.309942 0.103429 0.426599
v 0.307763 0.121088 0.423600
v 0.304724 0.128834 0.419417
v 0.284708 0.091919 0.391867
v 0.285597 0.115508 0.393090
v 0.288001 0.132135 0.396400
v 0.291213 0.136895 0.400821
v 0.427686 0.080132 0.310732
v 0.426599 0.103429 0.309942
v 0.423600 0.121088 0.307763
v 0.419417 0.128834 0.304724
v 0.391867 0.091919 0.284708
v 0.393090 0.115508 0.285597
v 0.396400 0.132135 0.288001
v 0.400820 0.136895 0.291213
v 0.502775 0.080132 0.163362
v 0.501497 0.103429 0.162946
v 0.497971 0.121088 0.161801
v 0.493054 0.128835 0.160203
v 0.460667 0.091919 0.149680
v 0.462105 0.115508 0.150147
v 0.465996 0.132135 0.151411
v 0.471193 0.136895 0.153100
v 0.528649 0.080132 0.000000
v 0.527305 0.103429 0.000000
v 0.523598 0.121088 0.000000
v 0.518428 0.128835 0.000000
v 0.484374 0.091919 0.000000
v 0.485886 0.115508 0.000000
v 0.489977 0.132135 0.000000
v 0.495441 0.136895 0.000000
vt 0.007792 0.500000
vt 0.042223 0.500000
vt 0.042223 0.490314
vt 0.007792 0.490314
vt 0.092223 0.500000
vt 0.057792 0.480866
vt 0.142224 0.500000
vt 0.142224 0.480866
vt 0.107792 0.480866
vt 0.192224 0.500000
vt 0.192224 0.480866
vt 0.157792 0.480866
vt 0.207792 0.500000
vt 0.242224 0.500000
vt 0.242224 0.480866
vt 0.207792 0.480866
vt 0.292224 0.500000
vt 0.292224 0.480866
vt 0.257792 0.480866
vt 0.342223 0.500000
vt 0.342223 0.480866
vt 0.307792 0.480866
vt 0.357792 0.500000
vt 0.392224 0.500000
vt 0.392224 0.480866
vt 0.357792 0.480866
vt 0.442224 0.500000
vt 0.442224 0.480866
vt 0.407792 0.480866
vt 0.457792 0.500000
vt 0.492224 0.500000
vt 0.492224 0.480866
vt 0.457792 0.480866
vt 0.542224 0.500000
vt 0.542224 0.480866
vt 0.507792 0.480866
vt 0.592224 0.500000
vt 0.592224 0.480866
vt 0.557792 0.480866
vt 0.642224 0.500000
vt 0.642224 0.480866
vt 0.607792 0.480866
vt 0.692224 0.500000
vt 0.692224 0.480866
vt 0.657792 0.480866
vt 0.707792 0.500000
vt 0.742224 0.500000
vt 0.742224 0.480866
vt 0.707792 0.480866
vt 0.792224 0.500000
vt 0.792224 0.480866
vt 0.757792 0.480866
vt 0.842224 0.500000
vt 0.842224 0.480866
vt 0.807792 0.480866
vt 0.892224 0.500000
vt 0.892224 0.480866
vt 0.857792 0.480866
vt 0.942224 0.500000
vt 0.942224 0.480866
vt 0.907792 0.480866
vt 0.992224 0.500000
vt 0.992224 0.480866
vt 0.957792 0.480866
vt 0.042223 0.500000
vt 0.042223 0.493600
vt 0.007792 0.490314
vt 0.007792 0.496442
vt 0.092224 0.480866
vt 0.092224 0.480866
vt 0.092223 0.493510
vt 0.057792 0.500000
vt 0.057792 0.500000
vt 0.057792 0.487894
vt 0.142224 0.500000
vt 0.142224 0.487356
vt 0.107792 0.500000
vt 0.107792 0.500000
vt 0.107792 0.487894
vt 0.192224 0.500000
vt 0.192224 0.487356
vt 0.157792 0.500000
vt 0.157792 0.500000
vt 0.157792 0.487894
vt 0.242224 0.500000
vt 0.242224 0.487356
vt 0.207792 0.480866
vt 0.207792 0.492972
vt 0.292224 0.500000
vt 0.292224 0.487356
vt 0.257792 0.500000
vt 0.257792 0.500000
vt 0.257792 0.487894
vt 0.342223 0.500000
vt 0.342223 0.487356
vt 0.307792 0.500000
vt 0.307792 0.500000
vt 0.307792 0.487894
vt 0.392224 0.500000
vt 0.392224 0.487356
vt 0.357792 0.480866
vt 0.357792 0.492972
vt 0.442224 0.500000
vt 0.442224 0.487356
vt 0.407792 0.500000
vt 0.407792 0.500000
vt 0.407792 0.487894
vt 0.492224 0.500000
vt 0.492224 0.487356
vt 0.457792 0.480866
vt 0.457792 0.492972
vt 0.542224 0.500000
vt 0.542224 0.487356
vt 0.507792 0.500000
vt 0.507792 0.500000
vt 0.507792 0.487894
vt 0.592224 0.500000
vt 0.592224 0.487356
vt 0.557792 0.500000
vt 0.557792 0.500000
vt 0.557792 0.487894
vt 0.642224 0.500000
vt 0.642224 0.487356
vt 0.607792 0.500000
vt 0.607792 0.500000
vt 0.607792 0.487894
vt 0.692224 0.500000
vt 0.692224 0.487356
vt 0.657792 0.500000
vt 0.657792 0.500000
vt 0.657792 0.487894
vt 0.742224 0.500000
vt 0.742224 0.487356
vt 0.707792 0.480866
vt 0.707792 0.492972
vt 0.792224 0.500000
vt 0.792224 0.487356
vt 0.757792 0.500000
vt 0.757792 0.500000
vt 0.757792 0.487894
vt 0.842224 0.500000
vt 0.842224 0.487356
vt 0.807792 0.500000
vt 0.807792 0.500000
vt 0.807792 0.487894
vt 0.892224 0.500000
vt 0.892224 0.487356
vt 0.857792 0.500000
vt 0.857792 0.500000
vt 0.857792 0.487894
vt 0.942224 0.500000
vt 0.942224 0.487356
vt 0.907792 0.500000
vt 0.907792 0.500000
vt 0.907792 0.487894
vt 0.992224 0.500000
vt 0.992224 0.487356
vt 0.957792 0.500000
vt 0.957792 0.500000
vt 0.957792 0.487894
vt 0.034275 0.492550
vt 0.016399 0.497579
vt 0.084275 0.495583
vt 0.066399 0.485649
vt 0.134275 0.480866
vt 0.116399 0.480866
vt 0.184275 0.480866
vt 0.166399 0.480866
vt 0.234275 0.485283
vt 0.216399 0.495217
vt 0.284275 0.480866
vt 0.266399 0.480866
vt 0.334275 0.480866
vt 0.316399 0.480866
vt 0.384275 0.485283
vt 0.366399 0.495217
vt 0.434275 0.480866
vt 0.416399 0.480866
vt 0.484275 0.485283
vt 0.466399 0.495217
vt 0.534275 0.480866
vt 0.516399 0.480866
vt 0.584275 0.480866
vt 0.566399 0.480866
vt 0.634275 0.480866
vt 0.616399 0.480866
vt 0.684275 0.480866
vt 0.666399 0.480866
vt 0.734275 0.485283
vt 0.716399 0.495217
vt 0.784275 0.480866
vt 0.766399 0.480866
vt 0.834275 0.480866
vt 0.816399 0.480866
vt 0.884275 0.480866
vt 0.866399 0.480866
vt 0.934275 0.480866
vt 0.916399 0.480866
vt 0.984275 0.480866
vt 0.966399 0.480866
vt 0.034275 0.492550
vt 0.042223 0.493600
vt 0.984275 0.480866
vt 0.992224 0.487356
vt 0.016399 0.497579
vt 0.007792 0.496442
vt 0.066399 0.485649
vt 0.057792 0.487894
vt 0.084275 0.495583
vt 0.092223 0.493510
vt 0.116399 0.480866
vt 0.107792 0.487894
vt 0.134275 0.480866
vt 0.142224 0.487356
vt 0.166399 0.480866
vt 0.157792 0.487894
vt 0.184275 0.480866
vt 0.192224 0.487356
vt 0.216399 0.495217
vt 0.207792 0.492972
vt 0.234275 0.485283
vt 0.242224 0.487356
vt 0.266399 0.480866
vt 0.257792 0.487894
vt 0.284275 0.480866
vt 0.292224 0.487356
vt 0.316399 0.480866
vt 0.307792 0.487894
vt 0.334275 0.480866
vt 0.342223 0.487356
vt 0.366399 0.495217
vt 0.357792 0.492972
vt 0.384275 0.485283
vt 0.392224 0.487356
vt 0.416399 0.480866
vt 0.407792 0.487894
vt 0.434275 0.480866
vt 0.442224 0.487356
vt 0.466399 0.495217
vt 0.457792 0.492972
vt 0.484275 0.485283
vt 0.492224 0.487356
vt 0.516399 0.480866
vt 0.507792 0.487894
vt 0.534275 0.480866
vt 0.542224 0.487356
vt 0.566399 0.480866
vt 0.557792 0.487894
vt 0.584275 0.480866
vt 0.592224 0.487356
vt 0.616399 0.480866
vt 0.607792 0.487894
vt 0.634275 0.480866
vt 0.642224 0.487356
vt 0.666399 0.480866
vt 0.657792 0.487894
vt 0.684275 0.480866
vt 0.692224 0.487356
vt 0.716399 0.495217
vt 0.707792 0.492972
vt 0.734275 0.485283
vt 0.742224 0.487356
vt 0.766399 0.480866
vt 0.757792 0.487894
vt 0.784275 0.480866
vt 0.792224 0.487356
vt 0.816399 0.480866
vt 0.807792 0.487894
vt 0.834275 0.480866
vt 0.842224 0.487356
vt 0.866399 0.480866
vt 0.857792 0.487894
vt 0.884275 0.480866
vt 0.892224 0.487356
vt 0.916399 0.480866
vt 0.907792 0.487894
vt 0.934275 0.480866
vt 0.942224 0.487356
vt 0.966399 0.480866
vt 0.957792 0.487894
vt 0.089588 0.494197
vt 0.040907 0.492332
vt 0.086938 0.494888
vt 0.039583 0.491057
vt 0.989588 0.485204
vt 0.040907 0.492332
vt 0.986938 0.483040
vt 0.039583 0.491057
vt 0.960645 0.485564
vt 0.325581 0.491443
vt 0.963514 0.483221
vt 0.645147 0.486416
vt 0.042566 0.491554
vt 0.010645 0.496819
vt 0.027256 0.495234
vt 0.013514 0.497198
vt 0.139588 0.485204
vt 0.089588 0.494197
vt 0.136938 0.483040
vt 0.086938 0.494888
vt 0.092566 0.484390
vt 0.060645 0.487150
vt 0.077255 0.480866
vt 0.063514 0.486401
vt 0.189588 0.485204
vt 0.140907 0.484119
vt 0.186938 0.483040
vt 0.139583 0.480866
vt 0.142566 0.484390
vt 0.110645 0.485564
vt 0.127255 0.480866
vt 0.113514 0.483221
vt 0.239588 0.486669
vt 0.190907 0.484119
vt 0.236938 0.485978
vt 0.189583 0.480866
vt 0.192566 0.489312
vt 0.160645 0.485564
vt 0.177255 0.485632
vt 0.163514 0.483222
vt 0.289588 0.485204
vt 0.240907 0.484851
vt 0.286938 0.483040
vt 0.239583 0.482333
vt 0.242566 0.490762
vt 0.210645 0.493716
vt 0.227255 0.493645
vt 0.213514 0.494464
vt 0.339588 0.485204
vt 0.290907 0.484119
vt 0.336938 0.483040
vt 0.289583 0.480866
vt 0.292566 0.484390
vt 0.260645 0.485564
vt 0.277255 0.480866
vt 0.263514 0.483221
vt 0.389588 0.486669
vt 0.340907 0.484119
vt 0.386938 0.485978
vt 0.339583 0.480866
vt 0.342566 0.489312
vt 0.310645 0.485564
vt 0.327255 0.485632
vt 0.313514 0.483222
vt 0.439588 0.485204
vt 0.390907 0.484851
vt 0.436938 0.483040
vt 0.389583 0.482333
vt 0.392566 0.490762
vt 0.360645 0.493716
vt 0.377256 0.493645
vt 0.363514 0.494464
vt 0.489588 0.486669
vt 0.440907 0.484119
vt 0.486938 0.485978
vt 0.439583 0.480866
vt 0.442566 0.489312
vt 0.410645 0.485564
vt 0.427256 0.485632
vt 0.413514 0.483221
vt 0.539588 0.485204
vt 0.490907 0.484851
vt 0.536938 0.483040
vt 0.489583 0.482333
vt 0.492566 0.490762
vt 0.460645 0.493716
vt 0.477256 0.493645
vt 0.463514 0.494464
vt 0.589588 0.485204
vt 0.540907 0.484119
vt 0.586938 0.483040
vt 0.539583 0.480866
vt 0.542566 0.484390
vt 0.510645 0.485564
vt 0.527256 0.480866
vt 0.513514 0.483221
vt 0.639588 0.485204
vt 0.590907 0.484119
vt 0.636938 0.483040
vt 0.589583 0.480866
vt 0.592566 0.484390
vt 0.560645 0.485564
vt 0.577256 0.480866
vt 0.563514 0.483221
vt 0.689588 0.485204
vt 0.640907 0.484119
vt 0.686938 0.483040
vt 0.639583 0.480866
vt 0.642566 0.484390
vt 0.610645 0.485564
vt 0.627255 0.480866
vt 0.613514 0.483221
vt 0.739588 0.486669
vt 0.690907 0.484119
vt 0.736938 0.485978
vt 0.689583 0.480866
vt 0.692566 0.489312
vt 0.660645 0.485564
vt 0.677256 0.485632
vt 0.663514 0.483221
vt 0.789588 0.485204
vt 0.740907 0.484851
vt 0.786938 0.483040
vt 0.739583 0.482333
vt 0.742566 0.490762
vt 0.710645 0.493716
vt 0.727256 0.493645
vt 0.713514 0.494464
vt 0.839588 0.485204
vt 0.790907 0.484119
vt 0.836938 0.483040
vt 0.789583 0.480866
vt 0.792566 0.484390
vt 0.760645 0.485564
vt 0.777256 0.480866
vt 0.763514 0.483221
vt 0.889588 0.485204
vt 0.840907 0.484119
vt 0.886938 0.483040
vt 0.839583 0.480866
vt 0.842566 0.484390
vt 0.810645 0.485564
vt 0.827256 0.480866
vt 0.813514 0.483222
vt 0.939588 0.485204
vt 0.890907 0.484119
vt 0.936938 0.483040
vt 0.889583 0.480866
vt 0.892566 0.484390
vt 0.860645 0.485564
vt 0.877256 0.480866
vt 0.863514 0.483221
vt 0.940907 0.484119
vt 0.989588 0.485204
vt 0.939583 0.480866
vt 0.986938 0.483040
vt 0.960645 0.485564
vt 0.910645 0.485564
vt 0.963514 0.483222
vt 0.913514 0.483221
vn -0.314692 -0.943670 0.102250
vn -0.267692 -0.943670 0.194491
vn -0.267692 -0.943670 0.194491
vn -0.314692 -0.943670 0.102250
vn -0.194490 -0.943670 0.267694
vn -0.194490 -0.943670 0.267694
vn -0.102250 -0.943670 0.314693
vn -0.102250 -0.943670 0.314693
vn 0.000000 -0.943670 0.330887
vn 0.000000 -0.943670 0.330887
vn 0.102250 -0.943670 0.314693
vn 0.102250 -0.943670 0.314693
vn 0.194491 -0.943670 0.267694
vn 0.194491 -0.943670 0.267694
vn 0.267693 -0.943670 0.194492
vn 0.267693 -0.943670 0.194491
vn 0.314690 -0.943671 0.102249
vn 0.314690 -0.943671 0.102249
vn 0.330882 -0.943672 -0.000001
vn 0.330882 -0.943672 -0.000001
vn 0.314688 -0.943672 -0.102248
vn 0.314688 -0.943672 -0.102248
vn 0.267691 -0.943671 -0.194490
vn 0.267691 -0.943671 -0.194490
vn 0.194490 -0.943670 -0.267694
vn 0.194490 -0.943670 -0.267694
vn 0.102249 -0.943670 -0.314693
vn 0.102249 -0.943670 -0.314693
vn -0.000000 -0.943671 -0.330886
vn -0.000000 -0.943671 -0.330886
vn -0.102249 -0.943671 -0.314691
vn -0.102249 -0.943671 -0.314691
vn -0.194489 -0.943671 -0.267693
vn -0.194489 -0.943671 -0.267693
vn -0.267691 -0.943671 -0.194492
vn -0.267691 -0.943671 -0.194492
vn -0.314691 -0.943671 -0.102250
vn -0.314691 -0.943671 -0.102250
vn -0.330887 -0.943670 -0.000000
vn -0.330887 -0.943670 -0.000000
vn 0.951057 0.000000 -0.309016
vn 0.809017 0.000000 -0.587785
vn 0.808960 0.011836 -0.587744
vn 0.950990 0.011836 -0.308994
vn -0.809018 0.000000 0.587784
vn -0.951057 0.000000 0.309015
vn -0.950959 0.014351 0.308984
vn -0.808934 0.014351 0.587724
vn 0.587785 0.000000 -0.809017
vn 0.587744 0.011836 -0.808960
vn -0.587785 0.000000 0.809017
vn -0.587725 0.014351 0.808934
vn 0.309017 0.000000 -0.951057
vn 0.308995 0.011836 -0.950990
vn -0.309017 0.000000 0.951057
vn -0.308985 0.014351 0.950959
vn -0.000000 0.000000 -1.000000
vn -0.000000 0.011836 -0.999930
vn 0.000000 0.000000 1.000000
vn 0.000000 0.014351 0.999897
vn -0.309017 0.000000 -0.951057
vn -0.308996 0.011836 -0.950990
vn 0.309017 0.000000 0.951056
vn 0.308985 0.014351 0.950959
vn -0.587785 0.000000 -0.809017
vn -0.587744 0.011836 -0.808960
vn 0.587786 0.000000 0.809017
vn 0.587725 0.014351 0.808933
vn -0.809017 0.000000 -0.587785
vn -0.808960 0.011836 -0.587744
vn 0.809017 0.000000 0.587785
vn 0.808934 0.014351 0.587724
vn -0.951057 0.000000 -0.309017
vn -0.950990 0.011836 -0.308995
vn 0.951057 0.000000 0.309016
vn 0.950959 0.014351 0.308985
vn -1.000000 0.000000 0.000000
vn -0.999930 0.011836 -0.000000
vn 1.000000 0.000000 0.000000
vn 0.999897 0.014351 -0.000000
vn -0.951057 0.000000 0.309017
vn -0.950990 0.011836 0.308995
vn 0.951057 0.000000 -0.309017
vn 0.950959 0.014351 -0.308985
vn -0.809017 0.000000 0.587785
vn -0.808960 0.011836 0.587744
vn 0.809017 0.000000 -0.587785
vn 0.808934 0.014351 -0.587725
vn -0.587785 0.000000 0.809017
vn -0.587744 0.011836 0.808960
vn 0.587786 0.000000 -0.809017
vn 0.587725 0.014351 -0.808933
vn -0.309017 0.000000 0.951057
vn -0.308995 0.011836 0.950990
vn 0.309017 0.000000 -0.951056
vn 0.308985 0.014351 -0.950958
vn 0.000000 0.000000 1.000000
vn 0.000000 0.011836 0.999930
vn -0.000000 0.000000 -1.000000
vn -0.000000 0.014351 -0.999897
vn 0.309017 0.000000 0.951057
vn 0.308995 0.011836 0.950990
vn -0.309017 0.000000 -0.951057
vn -0.308985 0.014351 -0.950959
vn 0.587785 0.000000 0.809017
vn 0.587744 0.011836 0.808960
vn -0.587786 0.000000 -0.809017
vn -0.587725 0.014351 -0.808933
vn 0.809017 0.000000 0.587785
vn 0.808960 0.011836 0.587744
vn -0.809018 0.000000 -0.587784
vn -0.808934 0.014351 -0.587724
vn 0.951057 0.000000 0.309017
vn 0.950990 0.011836 0.308995
vn -0.951057 0.000000 -0.309016
vn -0.950959 0.014351 -0.308985
vn 1.000000 0.000000 0.000001
vn 0.999930 0.011836 0.000001
vn -1.000000 0.000000 -0.000001
vn -0.999897 0.014351 -0.000001
vn 0.490781 0.856566 -0.159463
vn 0.417484 0.856567 -0.303317
vn 0.124729 0.988044 -0.090619
vn 0.146627 0.988044 -0.047641
vn 0.303321 0.856565 -0.417484
vn 0.090621 0.988044 -0.124728
vn 0.159465 0.856564 -0.490785
vn 0.047642 0.988044 -0.146626
vn -0.000000 0.856563 -0.516043
vn -0.000000 0.988044 -0.154173
vn -0.159465 0.856563 -0.490786
vn -0.047642 0.988044 -0.146628
vn -0.303320 0.856565 -0.417485
vn -0.090619 0.988044 -0.124728
vn -0.417484 0.856566 -0.303318
vn -0.124728 0.988044 -0.090619
vn -0.490781 0.856566 -0.159463
vn -0.146628 0.988044 -0.047641
vn -0.516035 0.856568 0.000000
vn -0.154172 0.988044 -0.000000
vn -0.490778 0.856568 0.159463
vn -0.146626 0.988044 0.047642
vn -0.417483 0.856567 0.303317
vn -0.124729 0.988044 0.090620
vn -0.303320 0.856565 0.417485
vn -0.090621 0.988044 0.124729
vn -0.159465 0.856564 0.490785
vn -0.047641 0.988044 0.146626
vn 0.000000 0.856566 0.516038
vn 0.000001 0.988044 0.154171
vn 0.159464 0.856567 0.490779
vn 0.047643 0.988044 0.146628
vn 0.303319 0.856567 0.417481
vn 0.090622 0.988043 0.124733
vn 0.417483 0.856566 0.303318
vn 0.124729 0.988044 0.090624
vn 0.490783 0.856564 0.159466
vn 0.146626 0.988044 0.047643
vn 0.516039 0.856565 0.000001
vn 0.154171 0.988044 0.000000
vn 0.767548 0.316054 -0.557655
vn 0.902307 0.316054 -0.293176
vn 0.803290 0.118773 -0.583625
vn 0.944325 0.118773 -0.306828
vn 0.948741 0.316054 0.000001
vn 0.992921 0.118774 0.000001
vn -0.624613 0.754102 0.202949
vn -0.531325 0.754104 0.386033
vn -0.949108 0.063982 0.308383
vn -0.807359 0.063982 0.586582
vn -0.923518 0.238903 0.300068
vn -0.923518 0.238903 0.300068
vn -0.785591 0.238901 0.570765
vn -0.785591 0.238901 0.570765
vn -0.386034 0.754101 0.531328
vn -0.586581 0.063983 0.807359
vn -0.570765 0.238901 0.785591
vn -0.570765 0.238901 0.785591
vn 0.557655 0.316054 -0.767549
vn 0.583624 0.118773 -0.803290
vn -0.202951 0.754094 0.624623
vn -0.308384 0.063982 0.949108
vn -0.300069 0.238904 0.923517
vn -0.300069 0.238904 0.923517
vn 0.293177 0.316053 -0.902307
vn 0.306830 0.118773 -0.944324
vn -0.000000 0.754091 0.656769
vn 0.000000 0.063982 0.997951
vn 0.000000 0.238904 0.971043
vn 0.000000 0.238904 0.971043
vn -0.000000 0.316054 -0.948741
vn -0.000000 0.118774 -0.992921
vn 0.202948 0.754094 0.624623
vn 0.308383 0.063982 0.949108
vn 0.300069 0.238903 0.923517
vn 0.300070 0.238903 0.923517
vn -0.293177 0.316053 -0.902307
vn -0.306830 0.118773 -0.944324
vn 0.386031 0.754097 0.531336
vn 0.586583 0.063982 0.807358
vn 0.570765 0.238902 0.785591
vn 0.570764 0.238902 0.785592
vn -0.557656 0.316053 -0.767548
vn -0.583625 0.118773 -0.803290
vn 0.531328 0.754100 0.386036
vn 0.807360 0.063981 0.586580
vn 0.785590 0.238902 0.570767
vn 0.785590 0.238902 0.570767
vn -0.767549 0.316055 -0.557655
vn -0.803290 0.118774 -0.583625
vn 0.624611 0.754104 0.202949
vn 0.949108 0.063981 0.308384
vn 0.923517 0.238902 0.300070
vn 0.923517 0.238902 0.300070
vn -0.902307 0.316055 -0.293176
vn -0.944324 0.118774 -0.306829
vn 0.656752 0.754107 -0.000002
vn 0.997951 0.063981 -0.000001
vn 0.971044 0.238901 0.000000
vn 0.971044 0.238901 0.000000
vn -0.948741 0.316054 -0.000000
vn -0.992921 0.118775 -0.000000
vn 0.624609 0.754108 -0.202943
vn 0.949108 0.063981 -0.308385
vn 0.923517 0.238901 -0.300069
vn 0.923517 0.238901 -0.300070
vn -0.902307 0.316054 0.293177
vn -0.944324 0.118774 0.306829
vn 0.531326 0.754104 -0.386030
vn 0.807358 0.063982 -0.586582
vn 0.785590 0.238902 -0.570766
vn 0.785591 0.238902 -0.570765
vn -0.767548 0.316054 0.557656
vn -0.803290 0.118773 0.583625
vn 0.386033 0.754096 -0.531336
vn 0.586581 0.063982 -0.807360
vn 0.570765 0.238903 -0.785591
vn 0.570765 0.238903 -0.785591
vn -0.557656 0.316054 0.767548
vn -0.583624 0.118773 0.803291
vn 0.202950 0.754094 -0.624623
vn 0.308384 0.063982 -0.949108
vn 0.300068 0.238903 -0.923518
vn 0.300069 0.238903 -0.923517
vn -0.293177 0.316054 0.902307
vn -0.306830 0.118773 0.944324
vn 0.000001 0.754100 -0.656760
vn -0.000000 0.063982 -0.997951
vn -0.000000 0.238902 -0.971044
vn -0.000000 0.238902 -0.971044
vn 0.000000 0.316055 0.948741
vn 0.000000 0.118773 0.992921
vn -0.202948 0.754107 -0.624607
vn -0.308384 0.063982 -0.949108
vn -0.300069 0.238901 -0.923517
vn -0.300070 0.238901 -0.923517
vn 0.293176 0.316054 0.902307
vn 0.306829 0.118773 0.944324
vn -0.386031 0.754110 -0.531318
vn -0.586582 0.063982 -0.807358
vn -0.570764 0.238900 -0.785592
vn -0.570764 0.238900 -0.785592
vn 0.557655 0.316055 0.767548
vn 0.583624 0.118773 0.803291
vn -0.531328 0.754103 -0.386030
vn -0.807360 0.063981 -0.586581
vn -0.785590 0.238902 -0.570767
vn -0.785590 0.238902 -0.570767
vn 0.767549 0.316055 0.557654
vn 0.803290 0.118774 0.583625
vn -0.624617 0.754099 -0.202949
vn -0.949108 0.063981 -0.308384
vn -0.923517 0.238903 -0.300069
vn -0.923517 0.238903 -0.300070
vn 0.902307 0.316054 0.293176
vn 0.944324 0.118774 0.306829
vn -0.656760 0.754099 0.000002
vn -0.997951 0.063983 -0.000000
vn -0.971044 0.238903 -0.000002
vn -0.971044 0.238903 -0.000002
s 1
g Bowl polySurface2
usemtl initialShadingGroup
f 482/813/562 485/816/563 484/815/564 483/814/565
f 485/885/563 487/818/566 486/882/567 484/817/564
f 487/890/566 489/821/568 488/820/569 486/819/567
f 489/895/568 491/824/570 490/823/571 488/822/569
f 491/825/570 493/828/572 492/827/573 490/826/571
f 493/904/572 495/831/574 494/830/575 492/829/573
f 495/909/574 497/834/576 496/833/577 494/832/575
f 497/835/576 499/838/578 498/837/579 496/836/577
f 499/918/578 501/841/580 500/840/581 498/839/579
f 501/842/580 503/845/582 502/844/583 500/843/581
f 503/927/582 505/848/584 504/847/585 502/846/583
f 505/932/584 507/851/586 506/850/587 504/849/585
f 507/937/586 509/854/588 508/853/589 506/852/587
f 509/942/588 511/857/590 510/856/591 508/855/589
f 511/858/590 513/861/592 512/860/593 510/859/591
f 513/951/592 515/864/594 514/863/595 512/862/593
f 515/956/594 517/867/596 516/866/597 514/865/595
f 517/961/596 519/870/598 518/869/599 516/868/597
f 519/966/598 521/873/600 520/872/601 518/871/599
f 521/971/600 482/876/562 483/875/565 520/874/601
s 2
f 483/814/602 484/877/603 522/1014/604 526/878/605
s 3
f 485/816/606 482/879/607 530/1018/608 534/880/609
s 2
f 484/881/603 486/882/610 538/1022/611 522/883/604
s 3
f 487/884/612 485/885/606 534/1020/609 542/886/613
s 2
f 486/819/610 488/887/614 546/1026/615 538/888/611
s 3
f 489/889/616 487/890/612 542/1024/613 550/891/617
s 2
f 488/822/614 490/892/618 554/1030/619 546/893/615
s 3
f 491/894/620 489/895/616 550/1028/617 558/896/621
s 2
f 490/826/618 492/897/622 562/1034/623 554/898/619
s 3
f 493/828/624 491/899/620 558/1032/621 566/900/625
s 2
f 492/829/622 494/901/626 570/1038/627 562/902/623
s 3
f 495/903/628 493/904/624 566/1036/625 574/905/629
s 2
f 494/832/626 496/906/630 578/1042/631 570/907/627
s 3
f 497/908/632 495/909/628 574/1040/629 582/910/633
s 2
f 496/836/630 498/911/634 586/1046/635 578/912/631
s 3
f 499/838/636 497/913/632 582/1044/633 590/914/637
s 2
f 498/839/634 500/915/638 594/1050/639 586/916/635
s 3
f 501/917/640 499/918/636 590/1048/637 598/919/641
s 2
f 500/843/638 502/920/642 602/1054/643 594/921/639
s 3
f 503/845/644 501/922/640 598/1052/641 606/923/645
s 2
f 502/846/642 504/924/646 610/1058/647 602/925/643
s 3
f 505/926/648 503/927/644 606/1056/645 614/928/649
s 2
f 504/849/646 506/929/650 618/1062/651 610/930/647
s 3
f 507/931/652 505/932/648 614/1060/649 622/933/653
s 2
f 506/852/650 508/934/654 626/1066/655 618/935/651
s 3
f 509/936/656 507/937/652 622/1064/653 630/938/657
s 2
f 508/855/654 510/939/658 634/1070/659 626/940/655
s 3
f 511/941/660 509/942/656 630/1068/657 638/943/661
s 2
f 510/859/658 512/944/662 642/1074/663 634/945/659
s 3
f 513/861/664 511/946/660 638/1072/661 646/947/665
s 2
f 512/862/662 514/948/666 650/1078/667 642/949/663
s 3
f 515/950/668 513/951/664 646/1076/665 654/952/669
s 2
f 514/865/666 516/953/670 658/1082/671 650/954/667
s 3
f 517/955/672 515/956/668 654/1080/669 662/957/673
s 2
f 516/868/670 518/958/674 666/1086/675 658/959/671
s 3
f 519/960/676 517/961/672 662/1084/673 670/962/677
s 2
f 518/871/674 520/963/678 674/1090/679 666/964/675
s 3
f 521/965/680 519/966/676 670/1088/677 678/967/681
s 2
f 520/874/678 483/968/602 526/1016/605 674/969/679
s 3
f 482/970/607 521/971/680 678/1092/681 530/972/608
s 2
f 529/1013/682 525/973/683 537/1017/684 533/974/685
f 525/1021/683 541/975/686 545/1019/687 537/976/684
f 541/1025/686 549/977/688 553/1023/689 545/978/687
f 549/1029/688 557/979/690 561/1027/691 553/980/689
f 557/1033/690 565/981/692 569/1031/693 561/982/691
f 565/1037/692 573/983/694 577/1035/695 569/984/693
f 573/1041/694 581/985/696 585/1039/697 577/986/695
f 581/1045/696 589/987/698 593/1043/699 585/988/697
f 589/1049/698 597/989/700 601/1047/701 593/990/699
f 597/1053/700 605/991/702 609/1051/703 601/992/701
f 605/1057/702 613/993/704 617/1055/705 609/994/703
f 613/1061/704 621/995/706 625/1059/707 617/996/705
f 621/1065/706 629/997/708 633/1063/709 625/998/707
f 629/1069/708 637/999/710 641/1067/711 633/1000/709
f 637/1073/710 645/1001/712 649/1071/713 641/1002/711
f 645/1077/712 653/1003/714 657/1075/715 649/1004/713
f 653/1081/714 661/1005/716 665/1079/717 657/1006/715
f 661/1085/716 669/1007/718 673/1083/719 665/1008/717
f 669/1089/718 677/1009/720 681/1087/721 673/1010/719
f 677/1015/720 529/1011/682 533/1091/685 681/1012/721
f 524/1096/722 525/973/683 529/1013/682 528/1100/723
f 522/1014/604 523/1094/724 527/1098/725 526/878/605
f 523/1094/724 524/1096/722 528/1100/723 527/1098/725
f 528/1099/723 529/1011/682 677/1015/720 676/1248/726
f 526/1016/605 527/1097/725 675/1246/727 674/969/679
f 527/1097/725 528/1099/723 676/1248/726 675/1246/727
f 532/1104/728 533/974/685 537/1017/684 536/1108/729
s 3
f 530/1018/608 531/1102/730 535/1106/731 534/880/609
s 5
f 531/1102/732 532/1104/733 536/1108/734 535/1106/735
s 2
f 536/1107/729 537/976/684 545/1019/687 544/1116/736
s 3
f 534/1020/609 535/1105/731 543/1114/737 542/886/613
s 5
f 535/1105/735 536/1107/734 544/1116/738 543/1114/739
s 2
f 525/1021/683 524/1095/722 540/1112/740 541/975/686
f 524/1095/722 523/1093/724 539/1110/741 540/1112/740
f 523/1093/724 522/883/604 538/1022/611 539/1110/741
f 544/1115/736 545/978/687 553/1023/689 552/1124/742
s 3
f 542/1024/613 543/1113/737 551/1122/743 550/891/617
s 5
f 543/1113/739 544/1115/738 552/1124/744 551/1122/745
s 2
f 541/1025/686 540/1111/740 548/1120/746 549/977/688
f 540/1111/740 539/1109/741 547/1118/747 548/1120/746
f 539/1109/741 538/888/611 546/1026/615 547/1118/747
f 552/1123/742 553/980/689 561/1027/691 560/1132/748
s 3
f 550/1028/617 551/1121/743 559/1130/749 558/896/621
s 5
f 551/1121/745 552/1123/744 560/1132/750 559/1130/751
s 2
f 549/1029/688 548/1119/746 556/1128/752 557/979/690
f 548/1119/746 547/1117/747 555/1126/753 556/1128/752
f 547/1117/747 546/893/615 554/1030/619 555/1126/753
f 560/1131/748 561/982/691 569/1031/693 568/1140/754
s 3
f 558/1032/621 559/1129/749 567/1138/755 566/900/625
s 5
f 559/1129/751 560/1131/750 568/1140/756 567/1138/757
s 2
f 557/1033/690 556/1127/752 564/1136/758 565/981/692
f 556/1127/752 555/1125/753 563/1134/759 564/1136/758
f 555/1125/753 554/898/619 562/1034/623 563/1134/759
f 568/1139/754 569/984/693 577/1035/695 576/1148/760
s 3
f 566/1036/625 567/1137/755 575/1146/761 574/905/629
s 5
f 567/1137/757 568/1139/756 576/1148/762 575/1146/763
s 2
f 565/1037/692 564/1135/758 572/1144/764 573/983/694
f 564/1135/758 563/1133/759 571/1142/765 572/1144/764
f 563/1133/759 562/902/623 570/1038/627 571/1142/765
f 576/1147/760 577/986/695 585/1039/697 584/1156/766
s 3
f 574/1040/629 575/1145/761 583/1154/767 582/910/633
s 5
f 575/1145/763 576/1147/762 584/1156/768 583/1154/769
s 2
f 573/1041/694 572/1143/764 580/1152/770 581/985/696
f 572/1143/764 571/1141/765 579/1150/771 580/1152/770
f 571/1141/765 570/907/627 578/1042/631 579/1150/771
f 584/1155/766 585/988/697 593/1043/699 592/1164/772
s 3
f 582/1044/633 583/1153/767 591/1162/773 590/914/637
s 5
f 583/1153/769 584/1155/768 592/1164/774 591/1162/775
s 2
f 581/1045/696 580/1151/770 588/1160/776 589/987/698
f 580/1151/770 579/1149/771 587/1158/777 588/1160/776
f 579/1149/771 578/912/631 586/1046/635 587/1158/777
f 592/1163/772 593/990/699 601/1047/701 600/1172/778
s 3
f 590/1048/637 591/1161/773 599/1170/779 598/919/641
s 5
f 591/1161/775 592/1163/774 600/1172/780 599/1170/781
s 2
f 589/1049/698 588/1159/776 596/1168/782 597/989/700
f 588/1159/776 587/1157/777 595/1166/783 596/1168/782
f 587/1157/777 586/916/635 594/1050/639 595/1166/783
f 600/1171/778 601/992/701 609/1051/703 608/1180/784
s 3
f 598/1052/641 599/1169/779 607/1178/785 606/923/645
s 5
f 599/1169/781 600/1171/780 608/1180/786 607/1178/787
s 2
f 597/1053/700 596/1167/782 604/1176/788 605/991/702
f 596/1167/782 595/1165/783 603/1174/789 604/1176/788
f 595/1165/783 594/921/639 602/1054/643 603/1174/789
f 608/1179/784 609/994/703 617/1055/705 616/1188/790
s 3
f 606/1056/645 607/1177/785 615/1186/791 614/928/649
s 5
f 607/1177/787 608/1179/786 616/1188/792 615/1186/793
s 2
f 605/1057/702 604/1175/788 612/1184/794 613/993/704
f 604/1175/788 603/1173/789 611/1182/795 612/1184/794
f 603/1173/789 602/925/643 610/1058/647 611/1182/795
f 616/1187/790 617/996/705 625/1059/707 624/1196/796
s 3
f 614/1060/649 615/1185/791 623/1194/797 622/933/653
s 5
f 615/1185/793 616/1187/792 624/1196/798 623/1194/799
s 2
f 613/1061/704 612/1183/794 620/1192/800 621/995/706
f 612/1183/794 611/1181/795 619/1190/801 620/1192/800
f 611/1181/795 610/930/647 618/1062/651 619/1190/801
f 624/1195/796 625/998/707 633/1063/709 632/1204/802
s 3
f 622/1064/653 623/1193/797 631/1202/803 630/938/657
s 5
f 623/1193/799 624/1195/798 632/1204/804 631/1202/805
s 2
f 621/1065/706 620/1191/800 628/1200/806 629/997/708
f 620/1191/800 619/1189/801 627/1198/807 628/1200/806
f 619/1189/801 618/935/651 626/1066/655 627/1198/807
f 632/1203/802 633/1000/709 641/1067/711 640/1212/808
s 3
f 630/1068/657 631/1201/803 639/1210/809 638/943/661
s 5
f 631/1201/805 632/1203/804 640/1212/810 639/1210/811
s 2
f 629/1069/708 628/1199/806 636/1208/812 637/999/710
f 628/1199/806 627/1197/807 635/1206/813 636/1208/812
f 627/1197/807 626/940/655 634/1070/659 635/1206/813
f 640/1211/808 641/1002/711 649/1071/713 648/1220/814
s 3
f 638/1072/661 639/1209/809 647/1218/815 646/947/665
s 5
f 639/1209/811 640/1211/810 648/1220/816 647/1218/817
s 2
f 637/1073/710 636/1207/812 644/1216/818 645/1001/712
f 636/1207/812 635/1205/813 643/1214/819 644/1216/818
f 635/1205/813 634/945/659 642/1074/663 643/1214/819
f 648/1219/814 649/1004/713 657/1075/715 656/1228/820
s 3
f 646/1076/665 647/1217/815 655/1226/821 654/952/669
s 5
f 647/1217/817 648/1219/816 656/1228/822 655/1226/823
s 2
f 645/1077/712 644/1215/818 652/1224/824 653/1003/714
f 644/1215/818 643/1213/819 651/1222/825 652/1224/824
f 643/1213/819 642/949/663 650/1078/667 651/1222/825
f 656/1227/820 657/1006/715 665/1079/717 664/1236/826
s 3
f 654/1080/669 655/1225/821 663/1234/827 662/957/673
s 5
f 655/1225/823 656/1227/822 664/1236/828 663/1234/829
s 2
f 653/1081/714 652/1223/824 660/1232/830 661/1005/716
f 652/1223/824 651/1221/825 659/1230/831 660/1232/830
f 651/1221/825 650/954/667 658/1082/671 659/1230/831
f 664/1235/826 665/1008/717 673/1083/719 672/1244/832
s 3
f 662/1084/673 663/1233/827 671/1242/833 670/962/677
s 5
f 663/1233/829 664/1235/828 672/1244/834 671/1242/835
s 2
f 661/1085/716 660/1231/830 668/1240/836 669/1007/718
f 660/1231/830 659/1229/831 667/1238/837 668/1240/836
f 659/1229/831 658/959/671 666/1086/675 667/1238/837
f 672/1243/832 673/1010/719 681/1087/721 680/1252/838
s 3
f 670/1088/677 671/1241/833 679/1250/839 678/967/681
s 5
f 671/1241/835 672/1243/834 680/1252/840 679/1250/841
s 2
f 669/1089/718 668/1239/836 676/1247/726 677/1009/720
f 668/1239/836 667/1237/837 675/1245/727 676/1247/726
f 667/1237/837 666/964/675 674/1090/679 675/1245/727
f 533/1091/685 532/1103/728 680/1251/838 681/1012/721
s 5
f 532/1103/733 531/1101/732 679/1249/841 680/1251/840
s 3
f 531/1101/730 530/972/608 678/1092/681 679/1249/839
